id,name,pagerank
519,Pershing Square North,11.673778462572699
519,Pershing Square N,11.673778462572699
519,E 42 St & Vanderbilt Ave,11.673778462572699
3016,Kent Ave & N 7 St,4.53481183782187
3016,Mobile 01,4.53481183782187
527,E 33 St & 2 Ave,3.4003469859324356
527,E 33 St & 1 Ave,3.4003469859324356
2006,Central Park S & 6 Ave,3.39589100390818
497,E 17 St & Broadway,3.3512340711823865
387,Centre St & Chambers St,3.3055996241989827
347,Greenwich St & W Houston St,3.2542264248990804
347,W Houston St & Hudson St,3.2542264248990804
279,Peck Slip & Front St,3.137824321891778
279,Peck Slip & Front Street,3.137824321891778
279,Sands St & Gold St,3.137824321891778
539,Metropolitan Ave & Bedford Ave,2.818368287317594
435,W 21 St & 6 Ave,2.806794432634941
151,Cleveland Pl & Spring St,2.7789073005004994
324,DeKalb Ave & Hudson Ave,2.521830678271873
467,Dean St & 4 Ave,2.5198321739983403
492,W 33 St & 7 Ave,2.510171191005491
3141,1 Ave & E 68 St,2.5101232296702594
459,W 20 St & 11 Ave,2.479231837883767
359,E 47 St & Park Ave,2.3418462183634974
250,Lafayette St & Jersey St,2.301295233778126
250,Lafayette St & Jersey St N,2.301295233778126
2000,Front St & Washington St,2.2986228956119032
368,Carmine St & 6 Ave,2.2839093914926383
323,Lawrence St & Willoughby St,2.278683084747599
3090,N 8 St & Driggs Ave,2.251528761295651
3093,N 6 St & Bedford Ave,2.2223246137861747
284,Greenwich Ave & 8 Ave,2.2198560288605114
3124,46 Ave & 5 St,2.1362234534714624
3409,Bergen St & Smith St,2.1270440873396854
358,Christopher St & Greenwich St,2.1194301914211016
533,Broadway & W 39 St,2.041545133919818
533,Broadway & W 38 St,2.041545133919818
379,W 31 St & 7 Ave,2.0361608860845197
242,Carlton Ave & Flushing Ave,2.028253814347843
242,Flushing Ave & Carlton Ave,2.028253814347843
520,W 52 St & 5 Ave,1.9884434614507305
3120,Center Blvd & Borden Ave,1.983314417489375
3120,Center BlvdÂ & Borden Ave,1.983314417489375
366,Clinton Ave & Myrtle Ave,1.9807695347375238
3112,Milton St & Franklin St,1.966412057469279
432,E 7 St & Avenue A,1.9134104915939545
472,E 32 St & Park Ave,1.9004086758766803
128,MacDougal St & Prince St,1.8996117934736514
537,Lexington Ave & E 24 St,1.8857687614463976
460,S 4 St & Wythe Ave,1.8661942198940773
329,Greenwich St & North Moore St,1.8102747308641296
329,Greenwich St & N Moore St,1.8102747308641296
412,Forsyth St & Canal St,1.8074508572466395
251,Mott St & Prince St,1.8038122804913779
437,Macon St & Nostrand Ave,1.8017723202023443
3349,Grand Army Plaza & Plaza St West,1.7954285911226724
3126,44 Dr & Jackson Ave,1.7807811550411727
3142,1 Ave & E 62 St,1.7777694656929126
442,W 27 St & 7 Ave,1.7506093466450343
401,Allen St & Rivington St,1.746622869580523
3429,Hanson Pl & Ashland Pl,1.7390614687334587
507,E 25 St & 2 Ave,1.7335873418654162
3137,5 Ave & E 73 St,1.703101073507512
237,E 11 St & 2 Ave,1.6999081996524619
375,Mercer St & Bleecker St,1.6949535947227772
375,Mercer St & Bleecker St S,1.6949535947227772
3165,Central Park West & W 72 St,1.6929575319212424
445,E 10 St & Avenue A,1.6896154691668923
528,2 Ave & E 31 St,1.6806067260526418
529,W 42 St & 8 Ave,1.6780414512441186
3140,1 Ave & E 78 St,1.6597257088344215
450,W 49 St & 8 Ave,1.6470224639402753
236,St Marks Pl & 2 Ave,1.6446563673202106
3182,Yankee Ferry Terminal,1.6433495291845148
410,Suffolk St & Stanton St,1.643324399606173
3168,Central Park West & W 85 St,1.5870081644286131
3167,Amsterdam Ave & W 73 St,1.5789347949354027
304,Broadway & Battery Pl,1.5735726123444163
458,11 Ave & W 27 St,1.5735588823678974
2022,E 60 St & York Ave,1.572121368781256
2022,E 59 St & Sutton Pl,1.572121368781256
300,Shevchenko Pl & E 6 St,1.5500138686426637
300,Shevchenko Pl & E 7 St,1.5500138686426637
494,W 26 St & 8 Ave,1.5497772971833799
361,Allen St & Hester St,1.5437178295884895
526,E 33 St & 5 Ave,1.5419940527282725
301,E 2 St & Avenue B,1.5373925675509184
3156,E 72 St & York Ave,1.5321779011707346
414,Pearl St & Anchorage Pl,1.5274682594526519
307,Canal St & Rutgers St,1.5187140672398687
270,Adelphi St & Myrtle Ave,1.4772339497285918
545,E 23 St & 1 Ave,1.4770497534435632
500,Broadway & W 51 St,1.4726238698744065
282,Kent Ave & S 11 St,1.4706825706985678
3092,Berry St & N 8 St,1.4638340695532315
3113,Greenpoint Ave & Manhattan Ave,1.456994131416633
345,W 13 St & 6 Ave,1.4562060448920802
530,11 Ave & W 59 St,1.451209752664937
389,Broadway & Berry St,1.450082296684914
233,Joralemon St & Adams St,1.417442580693872
233,Cadman Plaza W & Pierrepont St,1.417442580693872
453,W 22 St & 8 Ave,1.4167603587277973
3158,W 63 St & Broadway,1.4138800245065486
405,Washington St & Gansevoort St,1.4136748629906453
265,Stanton St & Chrystie St,1.4076694686465034
503,E 20 St & Park Ave,1.4059460969938322
3318,2 Ave & E 96 St,1.3980886383571154
501,FDR Drive & E 35 St,1.3980768529012997
469,Broadway & W 53 St,1.384277215313388
2021,W 45 St & 8 Ave,1.373776628822318
258,DeKalb Ave & Vanderbilt Ave,1.3707094853653459
396,Lefferts Pl & Franklin Ave,1.3570859535581499
212,W 16 St & The High Line,1.351520664040903
3108,Nassau Ave & Russell St,1.3163711446967046
3125,45 Rd & 11 St,1.313831271668904
438,St Marks Pl & 1 Ave,1.3124381624634855
434,9 Ave & W 18 St,1.311188013668881
388,W 26 St & 10 Ave,1.3008464566955102
363,West Thames St,1.299606185697632
241,DeKalb Ave & S Portland Ave,1.2913690869107615
2008,Little West St & 1 Pl,1.2911231631844082
3382,Carroll St & Smith St,1.2713585736637527
335,Washington Pl & Broadway,1.2679912906157036
3118,McGuinness Blvd & Eagle St,1.267363026419355
355,Bayard St & Baxter St,1.2662067445596585
487,E 20 St & FDR Drive,1.246447562803866
511,E 14 St & Avenue B,1.246391669229662
495,W 47 St & 10 Ave,1.2426054177978414
3115,India St & Manhattan Ave,1.240783726306162
3255,8 Ave & W 31 St,1.2208830472065517
522,E 51 St & Lexington Ave,1.218937500131855
470,W 20 St & 8 Ave,1.2179498631881878
377,6 Ave & Canal St,1.2161848702735103
3383,Cathedral Pkwy & Broadway,1.2149199336002865
257,Lispenard St & Broadway,1.2011159735885744
386,Centre St & Worth St,1.1994265130892199
3282,5 Ave & E 88 St,1.1940124329848398
456,E 53 St & Madison Ave,1.1928398951467376
3285,W 87 St  & Amsterdam Ave,1.1867987406048448
3285,W 87 St & Amsterdam Ave,1.1867987406048448
416,Cumberland St & Lafayette Ave,1.1859706720655823
344,Monroe St & Bedford Ave,1.179756471720865
3116,Huron St & Franklin St,1.1793985685559158
174,E 25 St & 1 Ave,1.1787915612574624
325,E 19 St & 3 Ave,1.1750225825889453
321,Cadman Plaza E & Red Cross Pl,1.1734339105931222
346,Bank St & Hudson St,1.168135086706001
480,W 53 St & 10 Ave,1.1676406312266332
303,Mercer St & Spring St,1.1646036021867028
3064,Myrtle Ave & Lewis Ave,1.161255733714118
3242,Schermerhorn St & Court St,1.1569930439797063
2012,E 27 St & 1 Ave,1.1562529910571528
2010,Grand St & Greene St,1.150728806657996
353,S Portland Ave & Hanson Pl,1.1494468727490637
3373,3 St & 3 Ave,1.1469279663477665
3416,7 Ave & Park Pl,1.1462760614905374
3233,E 48 St & 5 Ave,1.1459546100313742
3305,E 91 St & 2 Ave,1.1359185306773136
455,1 Ave & E 44 St,1.135858517758941
354,Emerson Pl & Myrtle Ave,1.1292173621400774
3197,Hs Don't Use,1.1240196237250948
3346,Berkeley Pl & 7 Ave,1.1231857981331421
228,E 48 St & 3 Ave,1.1166309692149343
415,Pearl St & Hanover Square,1.115231414090032
309,Murray St & West St,1.113833249081261
3351,E 102 St & 1 Ave,1.1125555614400036
418,Front St & Gold St,1.1056679388779789
3602,31 Ave & 34 St,1.0888640191031576
3170,W 84 St & Columbus Ave,1.087961969498464
3488,8D QC Station 01,1.0864802442910122
394,E 9 St & Avenue C,1.0849137998456826
3106,Driggs Ave & N Henry St,1.0843092835575538
330,Reade St & Broadway,1.0569278895653313
328,Watts St & Greenwich St,1.0540048332859597
322,Clinton St & Tillary St,1.0537510616624497
525,W 34 St & 11 Ave,1.0532026456154486
280,E 10 St & 5 Ave,1.0339033181864479
3323,W 106 St & Central Park West,1.0338341739352155
449,W 52 St & 9 Ave,1.0321835574376843
259,South St & Whitehall St,1.029612678584455
3572,34 Ave & 38 St,1.0039551241904694
146,Hudson St & Reade St,1.0029800628388528
3440,Fulton St & Adams St,1.0022880323457828
3446,NYCBS Depot - STY - Valet Scan,1.0010288565703733
3633,333 Johnson TEST 1,1.0009916584029561
3000,MLSWKiosk,1.0009916584029561
3239,Bressler,1.0009916584029532
3224,W 13 St & Hudson St,0.9938781002069154
79,Franklin St & W Broadway,0.9928354743004351
502,Henry St & Grand St,0.973077407146423
351,Front St & Maiden Ln,0.9706082133032081
3365,3 St & 7 Ave,0.970093413434847
3319,14 St & 5 Ave,0.9668637840221174
3403,4 Ave & 9 St,0.9657884288395203
152,Warren St & Church St,0.944011152877108
223,W 13 St & 7 Ave,0.9419783044088503
3122,48 Ave & 5 St,0.9409437252688538
3036,8D OPS 01,0.9391864294465242
3102,Driggs Ave & Lorimer St,0.9273819981965044
3180,Brooklyn Bridge Park - Pier 2,0.9259865479187044
3150,E 85 St & York Ave,0.9256102580229314
3364,Carroll St & 5 Ave,0.9227355333179447
3517,31 St & Hoyt Ave N,0.9117728977449651
3103,N 11 St & Wythe Ave,0.9112993214625749
454,E 51 St & 1 Ave,0.9090574554838174
3315,Henry St & Degraw St,0.9002469490121122
3135,E 75 St & 3 Ave,0.8902825185521182
3427,Lafayette St & Jersey St,0.8885407907504873
3417,Baltic St & 5 Ave,0.8880494635587052
262,Washington Park,0.8878257371343213
3507,Park Ave & E 124 St,0.8680046764361448
3117,Franklin St & Dupont St,0.8674985962276439
3310,14 St & 7 Ave,0.8672127293974387
337,Old Slip & Front St,0.8663726810125666
3121,Jackson Ave & 46 Rd,0.8650634888844645
3592,Crescent St & Broadway,0.8602837395034006
3085,Roebling St & N 4 St,0.8588827488174036
271,Ashland Pl & Hanson Pl,0.8559280139012074
3518,Lenox Ave & W 126 St,0.8511979328883449
247,Perry St & Bleecker St,0.8443087798271949
3617,28 Ave & 35 St,0.8442788629896751
308,St James Pl & Oliver St,0.8430662415648341
3245,Kiosk in a box Motivate,0.8429814754366162
3245,"Industry City, Building 1 Basement",0.8429814754366162
3245,NYCBS DEPOT - DELANCEY,0.8429814754366162
3384,Smith St & 3 St,0.841083416202484
3415,Prospect Pl & 6 Ave,0.8365887850863764
3379,E 103 St & Lexington Ave,0.8330146636476815
276,Duane St & Greenwich St,0.8159605841251258
2004,6 Ave & Broome St,0.8157895743454201
3470,Gowanus Tech Station,0.815534492941815
3470,Expansion Tech Station,0.815534492941815
3396,Clinton St & 4 Place,0.8029593726520703
3347,Van Brunt St & Wolcott St,0.7983406765486609
3411,Bond St & Bergen St,0.798190844407426
3286,E 89 St & 3 Ave,0.7965644752877685
3077,Stagg St & Union Ave,0.7877915230089896
349,Rivington St & Ridge St,0.7859071635023782
3370,E 78 St & 2 Ave,0.7856859312697418
3370,78 St & 2 Ave,0.7856859312697418
3169,Riverside Dr & W 82 St,0.7679654810535488
3422,Columbia St & Degraw St,0.7679445611413144
137,E 56 St & Madison Ave,0.7652208426389584
3389,Carroll St & Columbia St,0.7632035871672287
3570,35 Ave & 37 St,0.761941353916362
356,Bialystoker Pl & Delancey St,0.7503305456100196
3397,Court St & Nelson St,0.74872049807901
3595,35 St & Broadway,0.7481620610451819
3068,Humboldt St & Varet St,0.7478842396892041
407,Henry St & Poplar St,0.7475003414576374
404,9 Ave & W 14 St,0.732234622551288
3360,Amsterdam Ave & W 79 St,0.7321109239419364
489,10 Ave & W 28 St,0.7310226112762844
3320,Central Park West & W 100 St,0.7298505220972384
3293,W 92 St & Broadway,0.7246651509583347
3139,E 72 St & Park Ave,0.7192340388129226
3339,Berkeley Pl & 6 Ave,0.7187497218427978
3530,Crescent St & Ditmars Blvd,0.7162193317628188
3231,E 67 St & Park Ave,0.7155197374650898
3515,24 Ave & 26 St,0.7154389610370215
3404,7 St & 5 Ave,0.7042133755966961
3311,Columbia St & Kane St,0.7012453646571096
340,Madison St & Clinton St,0.7008346009460809
3127,9 St & 44 Rd,0.6986670464070358
3605,31 Ave & Crescent St,0.6982889296459418
3290,E 89 St & York Ave,0.6896888655083605
3260,Mercer St & Bleecker St,0.6896661518184968
3353,Reed St & Van Brunt St,0.6893448732350649
3243,E 58 St & 1 Ave,0.687428465102184
3244,University Pl & E 8 St,0.6873340542924844
3407,Union St & Nevins St,0.6824318628805303
3076,Scholes St & Manhattan Ave,0.6804951698588408
3222,Hanson Pl & St Felix St,0.6801982209905144
419,Carlton Ave & Park Ave,0.679307489779681
3067,Broadway & Whipple St,0.6785395533530175
216,Columbia Heights & Cranberry St,0.6693975057196785
3522,37 St & 24 Ave,0.6612395941036205
302,Avenue D & E 3 St,0.6591953989758557
3329,Degraw St & Smith St,0.6588631641397559
291,Madison St & Montgomery St,0.6469261154318486
3588,Vernon Blvd & 10 St,0.6466271656202341
3603,31 Ave & 30 St,0.6444597627263898
3529,Lenox Ave & W 130 St,0.6441200126124152
332,Cherry St,0.6437252787389968
3589,Broadway & 12 St,0.6353614041572445
3094,Graham Ave & Withers St,0.6349209188440487
3178,Riverside Dr & W 78 St,0.6349035869409008
2017,E 43 St & 2 Ave,0.6318217147844795
341,Stanton St & Mangin St,0.6303005758344998
3390,E 109 St & 3 Ave,0.6238615028056863
3317,10 St & 5 Ave,0.6206978519175583
3080,S 4 St & Rodney St,0.6206214042298162
3609,Vernon Blvd & 31 Ave,0.6170349787760105
3241,Monroe St & Tompkins Ave,0.6104849087660108
512,W 29 St & 9 Ave,0.603932045586744
3553,Frederick Douglass Blvd & W 112 St,0.6034373488178018
3412,Pacific St & Nevins St,0.6007268758503368
3088,Union Ave & Jackson St,0.5991242485583572
3054,Greene Ave & Throop Ave,0.5979897384097225
3303,Butler St & Court St,0.5927208116669459
3598,Newton Rd & 44 St,0.5906945824459773
3523,24 Ave & 29 St,0.588112571610964
3357,W 106 St & Amsterdam Ave,0.5876709939328303
245,Myrtle Ave & St Edwards St,0.5862374410659349
3556,24 St & 41 Ave,0.577586127411433
3123,31 St & Thomson Ave,0.576356149197179
3388,President St & Henry St,0.5761704790489726
3561,37 Ave & 35 St,0.5758446270597803
3055,Greene Ave & Nostrand Ave,0.5750940237860218
3378,E 76 St & Park Ave,0.5723379077240971
3313,6 Ave & 12 St,0.5690008925385324
3534,Frederick Douglass Blvd & W 117 St,0.5681354768568067
3056,Kosciuszko St & Nostrand Ave,0.5673390130270768
3386,1 Pl & Clinton St,0.5487641978262144
3478,2 Ave & 36 St - Citi Bike HQ at Industry City,0.5475115831482478
3413,Wyckoff St & 3 Ave,0.5467864533836786
3246,Montague St & Clinton St,0.5461063976934788
3447,E 71 St & 1 Ave,0.5455160884137388
3095,Graham Ave & Herbert St,0.539797125724985
3366,West End Ave & W 107 St,0.5379227661295538
82,St James Pl & Pearl St,0.5344797747402538
3363,E 102 St & Park Ave,0.5318661134798682
3091,Frost St & Meeker St,0.5254150143067626
3325,E 95 St & 3 Ave,0.5240659196386125
298,3 Ave & Schermerhorn St,0.5224053029261635
3294,E 91 St & Park Ave,0.5213303933941277
3131,E 68 St & 3 Ave,0.5212915812627424
3573,35 St & 34 Ave,0.5166030263083746
3562,Classon Ave & St Marks Ave,0.516479021802502
3536,W 116 St & Broadway,0.5141790968118348
3560,28 St & 38 Ave,0.5140814528817997
3105,N 15 St & Wythe Ave,0.5136057757449233
3577,34 Ave & 21 St,0.5065146432924459
3533,St. Nicholas Ave & W 126 St,0.505956717014652
266,Avenue D & E 8 St,0.5011113865618214
3565,36 Ave & 10 St,0.4997997833469861
248,Laight St & Hudson St,0.49358679714052656
3072,Leonard St & Boerum St,0.48855971281262417
3542,Amsterdam Ave & W 119 St,0.48740248118323537
3566,Crescent St & 35 Ave,0.486991246942926
3316,W 104 St & Amsterdam Ave,0.46907129762750815
3289,W 90 St & Amsterdam Ave,0.4676687997816329
3340,Wolcott St & Dwight St,0.4670051854241278
3371,4 Ave & 2 St,0.46699049425444533
3401,2 Ave & 9 St,0.46571075158641523
3059,Pulaski St & Marcus Garvey Blvd,0.4405769945670079
3454,Leonard St & Maujer St,0.43727908247814234
3510,Adam Clayton Powell Blvd & W 123 St,0.4358100145872821
3438,E 76 St & 3 Ave,0.4357439275148122
400,Pitt St & Stanton St,0.4349483571474607
3265,E 2 St & 2 Ave,0.43461592991713566
3265,E 2 St & 2 Ave E,0.43461592991713566
3392,Commerce St & Van Brunt St,0.43295311890597465
464,E 56 St & 3 Ave,0.4321102510276583
3179,Park Ave & Marcus Garvey Blvd,0.4160086724655609
3352,Sigourney St & Columbia St,0.4151107380305383
3393,Richards St & Delavan St,0.41479148989058906
3356,Amsterdam Ave & W 66 St,0.4057997643419013
3421,Hoyt St & Warren St,0.40499055838773484
3486,Schermerhorn St & Bond St,0.4027909591026997
3053,Marcy Ave & Lafayette Ave,0.40252445811742
3394,Columbia St & W 9 St,0.39987623716651327
3466,W 45 St & 6 Ave,0.39805517180695066
3540,Morningside Ave & W 123 St,0.3832578896211991
3375,3 Ave & E 72 St,0.3819377782257098
3333,Columbia St & Lorraine St,0.3811359630564643
3569,Franklin Ave & St Marks Ave,0.3793637132195087
218,Gallatin Pl & Livingston St,0.3777592175050341
3554,Vernon Blvd & 41 Rd,0.3562235702384838
3395,Henry St & W 9 St,0.3538793951477956
3154,E 77 St & 3 Ave,0.34568818345947244
3355,E 66 St & Madison Ave,0.34456376037377295
3575,Crescent St & 34 Ave,0.3440197872262509
3461,Murray St & Greenwich St,0.34332511098606466
3502,Lexington Ave & E 111 St,0.34314253488249064
3452,Bayard St & Leonard St,0.3422961680216566
3337,Dwight St & Van Dyke St,0.3395979959792567
3075,Division Ave & Marcy Ave,0.3225836073658724
3618,27 St & Hunter St,0.32069311800847045
3327,3 Ave & E 100 St,0.3200815492072826
3153,E 71 St & 2 Ave,0.3192610524037408
3500,E 115 St & Madison Ave,0.31756125706474336
3472,W 15 St & 10 Ave,0.3118366405576368
3237,21 St & 41 Ave,0.31047117820495207
3625,28 St & 40 Ave,0.3103350936712566
3558,Bergen St & Vanderbilt Ave,0.30905996942183983
3622,E 128 St & Madison Ave,0.306728178713664
3613,Center Blvd & 48 Ave,0.2995958951994196
3476,Norman Ave & Leonard St,0.29876370872507246
3527,5 Ave & E 126 St,0.2986044515454912
3449,Eckford St & Engert Ave,0.2981429672154923
3548,Pacific St & Bedford Ave,0.2839416183360209
3503,Madison Ave & E 120 St,0.2788115819933508
3583,Eastern Pkwy & Washington Ave,0.27671732359253265
3578,Park Pl & Franklin Ave,0.2762436613304827
3551,3 Ave & E 112 St,0.27604195977224705
3474,6 Ave & Spring St,0.2747430787018937
3564,21 St & 36 Ave,0.2738851216689889
3644,Van Dyke St & Van Brunt St,0.27380299366414435
255,NYCBS Depot - SSP,0.2733165649651069
3557,40 Ave & 9 St,0.26224589733363557
3495,E 114 St & 1 Ave,0.26223616288762985
3632,E 12 St & Avenue B,0.26056336222029525
3491,E 118 St & 1 Ave,0.2583938495964876
3643,E 41 St & 5 Ave,0.24262471157421175
3537,Carlton Ave & Dean St,0.23986437336014502
3601,Sterling St & Bedford Ave,0.23969858060210164
3457,E 58 St & Madison Ave,0.2376790296125412
3445,Riverside Dr & W 89 St,0.23532782734283678
3089,Leonard St & Meeker Ave,0.2290969188034264
3594,Montgomery St & Franklin Ave OLD,0.22692880561249215
3647,48 Ave & 30 Pl,0.22627126859176755
3464,W 37 St & Broadway,0.22604466295663142
3506,Lexington Ave & E 120 St,0.22519434261290142
3587,Carroll St & Washington Ave,0.2137387556558482
3590,Carroll St & Franklin Ave,0.21314188323420044
3653,31 St & 35 Ave,0.20411360541950554
3489,Gold St & Frankfort St,0.20298493535817888
3559,21 St & 38 Ave,0.20096820195108575
3219,NYCBS Depot - STY,0.18683006022168444
3648,Flushing Ave & Vanderbilt Ave,0.18608789425118358
3468,NYCBS Depot - STY - Garage 4,0.1843273747728754
3642,E 98 St & Lexington Ave,0.18404478521188705
3019,NYCBS Depot - DEL,0.15856251514722777
3450,Penn Station Valet - Valet Scan,0.15420229853484366
3020,NYCBS Test,0.1532394408518382
3240,NYCBS Depot BAL - DYR,0.15257344731995284
3631,Crown St & Bedford Ave,0.1511826866417788
3543,Morningside Dr & Amsterdam Ave,0.15043757003680103
3385,2 Ave & E 105 St,0.15019165740836807
3248,LPI Facility,0.15016850913044225
3215,JSQ Don't Use,0.1501487487604434
164,E 47 St & 2 Ave,1.333537292120716
485,W 37 St & 5 Ave,1.3329599705057078
3236,PABT Valet,1.3179507717434138
3236,W 42 St & Dyer Ave,1.3179507717434138
261,Johnson St & Gold St,1.3164822653024089
510,W 51 St & 6 Ave,0.9898013233240219
3101,N 12 St & Bedford Ave,0.9897913474514598
399,Lafayette Ave & St James Pl,0.9892263327679255
3104,Kent Ave & N 7 St,0.9888592415773695
3104,KentAve&N7 St,0.9888592415773695
3151,E 81 St & York Ave,0.9523130392188255
3361,Carroll St & 6 Ave,0.9513045565827924
3304,6 Ave & 9 St,0.9509888613656176
295,Pike St & E Broadway,0.9492397388621785
369,Washington Pl & 6 Ave,0.9465454814823575
3326,Clinton St & Centre St,0.3977449860984081
3309,E 97 St & 3 Ave,0.394314980346898
339,Avenue D & E 12 St,0.3905761935872325
3538,W 110 St & Amsterdam Ave,0.3889751631839294
3455,Schermerhorn St & 3 Ave,0.3879294434263714
3099,Leonard St & Manhattan Ave,0.2978227281283581
3467,W Broadway & Spring Street,0.2974072261487639
3501,E 118 St & Madison Ave,0.2973961881229092
3606,49 Ave & 21 St,0.2963702888085478
3437,Riverside Dr & W 91 St,0.2962181672671569
3129,Queens Plaza North & Crescent St,2.8929743374727948
402,Broadway & E 22 St,2.887185095972266
540,Lexington Ave & E 29 St,2.8450941511143384
540,Lexington Ave & E 26 St,2.8450941511143384
384,Fulton St & Waverly Ave,2.8376608775034735
384,Fulton St & Washington Ave,2.8376608775034735
517,Pershing Square South,4.134364841109948
517,E 41 St & Madison Ave,4.134364841109948
517,Pershing Square S,4.134364841109948
532,S 5 Pl & S 5 St,3.916160807527277
532,S 5 Pl & S 4 St,3.916160807527277
504,1 Ave & E 15 St,3.58390525866511
504,1 Ave & E 16 St,3.58390525866511
468,Broadway & W 55 St,3.434931389065668
468,Broadway & W 56 St,3.434931389065668
312,Allen St & E Houston St,3.0961955619971984
312,Allen St & Stanton St,3.0961955619971984
499,Broadway & W 60 St,3.0951928725884006
426,West St & Chambers St,3.0299806849140034
521,8 Ave & W 31 St,3.0018798314904562
521,8 Ave & W 31 St N,3.0018798314904562
281,Grand Army Plaza & Central Park S,2.9402709359637926
3119,Vernon Blvd & 50 Ave,2.9304266749609478
217,Old Fulton St,2.748457373545663
514,12 Ave & W 40 St,2.7256652903566794
2002,Wythe Ave & Metropolitan Ave,2.712220886725882
477,W 41 St & 8 Ave,2.668239201853112
457,Broadway & W 58 St,2.65376351199348
293,Lafayette St & E 8 St,2.6052874386335105
490,8 Ave & W 33 St,2.571218138338008
430,York St & Jay St,2.5705944524007935
285,Broadway & E 14 St,2.565021969452563
417,Barclay St & Church St,2.1654003366357206
523,W 38 St & 8 Ave,2.157771519396295
382,University Pl & E 14 St,2.1574164634246698
327,Vesey Pl & River Terrace,2.1417930027767778
319,Fulton St & Broadway,2.1392000129321
319,Park Pl & Church St,2.1392000129321
3263,Cooper Square & E 7 St,2.1192156687191153
3263,Cooper Square & Astor Pl,2.1192156687191153
314,Montague St & Clinton St,2.108228790058609
314,Cadman Plaza West & Montague St,2.108228790058609
398,Atlantic Ave & Furman St,2.1061793477005573
83,Atlantic Ave & Fort Greene Pl,2.0946337454695834
143,Clinton St & Joralemon St,2.085020511234843
444,Broadway & W 24 St,2.0730878570992783
518,E 39 St & 2 Ave,2.0434379337786184
479,9 Ave & W 45 St,2.025867056964737
3002,South End Ave & Liberty St,2.0169312172505456
168,W 18 St & 6 Ave,2.00718219280247
229,Great Jones St,1.9932106121826318
305,E 58 St & 3 Ave,1.9627661616863348
173,Broadway & W 49 St,1.9610042747238894
310,State St & Smith St,1.9520114148395606
3147,E 85 St & 3 Ave,1.9436630029455908
446,W 24 St & 7 Ave,1.856450939806087
505,6 Ave & W 33 St,1.8538826950833012
320,Leonard St & Church St,1.837091217754211
320,Church St & Leonard St,1.837091217754211
475,E 15 St & Irving Pl,1.836452731858037
475,E 16 St & Irving Pl,1.836452731858037
127,Barrow St & Hudson St,1.8142832670998543
3423,West Drive & Prospect Park West,1.8139696027879268
493,W 45 St & 6 Ave,1.8129243645563706
493,W 45 St & 6 Ave (1),1.8129243645563706
3593,31 St & Broadway,1.7753214768343064
3516,31 St & Astoria Blvd,1.7724995679984041
498,Broadway & W 32 St,1.7681596943992481
157,Henry St & Atlantic Ave,1.7591747529109172
3526,31 St & 23 Ave,1.758890417075273
391,Clark St & Henry St,1.7333844711150341
161,LaGuardia Pl & W 3 St,1.7315812465258518
3374,Central Park North & Adam Clayton Powell Blvd,1.7271645222095582
3107,Bedford Ave & Nassau Ave,1.7178632099602051
509,9 Ave & W 22 St,1.7134928909756348
461,E 20 St & 2 Ave,1.6388753832721419
462,W 22 St & 10 Ave,1.6359770741892214
406,Hicks St & Montague St,1.6349884156813455
465,Broadway & W 41 St,1.6307338951159676
486,Broadway & W 29 St,1.6265485579188916
466,W 25 St & 6 Ave,1.6262655441700937
297,E 15 St & 3 Ave,1.6244711170754251
427,State St,1.6229230282395906
427,Bus Slip & State St,1.6229230282395906
3166,Riverside Dr & W 72 St,1.6174992546938904
3166,Riverside Dr & W 72 St,1.6174992546938904
380,W 4 St & 7 Ave S,1.6109660378075694
496,E 16 St & 5 Ave,1.6106930782903375
491,E 24 St & Park Ave S,1.6104421437729002
385,E 55 St & 2 Ave,1.6073919682022277
484,W 44 St & 5 Ave,1.5998374690138133
531,Forsyth St & Broome St,1.597451308687472
274,Lafayette Ave & Fort Greene Pl,1.5970365214582707
483,E 12 St & 3 Ave,1.570300060929149
3164,Columbus Ave & W 72 St,1.5638522488252884
474,5 Ave & E 29 St,1.5600855319319433
488,W 39 St & 9 Ave,1.5562623547321595
482,W 15 St & 7 Ave,1.513082986433213
116,W 17 St & 8 Ave,1.5091768426148002
546,E 30 St & Park Ave S,1.501567248387772
3086,Graham Ave & Conselyea St,1.4948481733863803
428,E 3 St & 1 Ave,1.4896786052962252
348,W Broadway & Spring St,1.4884808528047124
3418,Plaza St West & Flatbush Ave,1.4838757321246479
195,Liberty St & Broadway,1.4797405949545115
167,E 39 St & 3 Ave,1.4792976420138135
334,W 20 St & 7 Ave,1.444122257246102
268,Howard St & Centre St,1.4426925588904822
441,E 52 St & 2 Ave,1.4418806401555073
536,1 Ave & E 30 St,1.4342149295944842
433,E 13 St & Avenue A,1.4337269594540532
3143,5 Ave & E 78 St,1.430543304707628
326,E 11 St & 1 Ave,1.429747928182297
476,E 31 St & 3 Ave,1.4252561551619916
239,Willoughby St & Fleet St,1.418532859380678
147,Greenwich St & Warren St,1.3947549178116905
515,W 43 St & 10 Ave,1.3935133804844073
395,Bond St & Schermerhorn St,1.3935051064463502
478,11 Ave & W 41 St,1.3930367015061123
481,S 3 St & Bedford Ave,1.3515146676457026
439,E 4 St & 2 Ave,1.345096631228181
3425,2 Ave & E 104 St,1.3448042011351633
3425,2 Ave  & E 104 St,1.3448042011351633
471,Grand St & Havemeyer St,1.3423877815119203
243,Fulton St & Rockwell Pl,1.3423639517933545
3254,Soissons Landing,1.3382672897748642
336,Sullivan St & Washington Sq,1.3374707156481254
447,8 Ave & W 52 St,1.3349071880640713
244,Willoughby Ave & Hall St,1.3102595798844343
3398,Smith St & 9 St,1.308145180316041
473,Rivington St & Chrystie St,1.3079046347629184
3110,Meserole Ave & Manhattan Ave,1.3072904013373887
72,W 52 St & 11 Ave,1.3018834832952713
313,Washington Ave & Park Ave,1.287541518027386
448,W 37 St & 10 Ave,1.284912431628458
524,W 43 St & 6 Ave,1.282794949867599
153,E 40 St & 5 Ave,1.2786717965931331
3074,Montrose Ave & Bushwick Ave,1.2783677450651338
317,E 6 St & Avenue B,1.2634710230479687
315,South St & Gouverneur Ln,1.260535615459092
390,Duffield St & Willoughby St,1.2597093047347763
3368,5 Ave & 3 St,1.2595768418465667
392,Jay St & Tech Pl,1.256343750897873
440,E 45 St & 3 Ave,1.2394109993341902
3159,W 67 St & Broadway,1.2375908911791516
2003,1 Ave & E 18 St,1.2347759594336
3130,21 St & Queens Plaza North,1.2328989375530348
3232,Bond St & Fulton St,1.2244744757349524
508,W 46 St & 11 Ave,1.2149112058428686
365,Fulton St & Grand Ave,1.2129979201981806
383,Greenwich Ave & Charles St,1.2103152283760832
3163,Central Park West & W 68 St,1.2048251383014845
311,Norfolk St & Broome St,1.1444164877887408
422,W 59 St & 10 Ave,1.1440092782302185
3087,Metropolitan Ave & Meeker Ave,1.1369482238543616
352,W 56 St & 6 Ave,1.1360795921085332
3354,3 St & Prospect Park West,1.1198013057132543
3111,Norman Ave & Leonard St - 2,1.1190233106635272
3111,Norman Ave & Leonard St,1.1190233106635272
3402,Court St & State St,1.1183881774347662
306,Cliff St & Fulton St,1.1055199813137337
364,Lafayette Ave & Classon Ave,1.1051158700321626
296,Division St & Bowery,1.103877890103914
350,Clinton St & Grand St,1.090257212440165
3096,Union Ave & N 12 St,1.08395427197253
343,Clinton Ave & Flushing Ave,1.0828155250051748
3616,Steinway St & 28 Ave,1.0664494600838321
253,W 13 St & 5 Ave,1.063961199508025
252,MacDougal St & Washington Sq,1.0579143113804843
267,Broadway & W 36 St,1.0500327441580257
513,W 56 St & 10 Ave,1.049935403553726
3160,Central Park West & W 76 St,1.0466581099467773
3335,Union St & 4 Ave,1.0442789060974262
3223,E 55 St & 3 Ave,1.0426134175309125
3171,Amsterdam Ave & W 82 St,1.0188663523080939
423,W 54 St & 9 Ave,1.0175135486897082
3145,E 84 St & Park Ave,1.0141295852965244
3295,Central Park W & W 96 St,1.0137493384624883
225,W 14 St & The High Line,1.005648433240219
238,Bank St & Washington St,0.9837574254858991
3367,5 Ave & E 103 St,0.9805708589433966
3568,34 St & 35 Ave,0.9783954947563931
263,Elizabeth St & Hester St,0.9778373318857306
3650,8D Mobile 01,0.9773083014713323
3614,Crescent St & 30 Ave,0.97708765363159
3555,28 St & 41 Ave,0.9758805397820249
318,E 43 St & Vanderbilt Ave,0.9755814174360312
3177,W 84 St & Broadway,0.9647127218755485
264,Maiden Ln & Pearl St,0.9644782401562598
357,E 11 St & Broadway,0.9599721594448309
3134,3 Ave & E 62 St,0.9561743773134406
3532,Ditmars Blvd & 19 St,0.9546198381406787
3414,Bergen St & Flatbush Ave,0.9538600001571005
2023,E 55 St & Lexington Ave,0.9533306582127278
3109,Banker St & Meserole Ave,0.9526655279873834
120,Lexington Ave & Classon Ave,0.9524426358080007
3238,E 80 St & 2 Ave,0.9371062226255971
376,John St & William St,0.9365343005519927
367,E 53 St & Lexington Ave,0.9357343841106885
360,William St & Pine St,0.934517374112556
3161,W 76 St & Columbus Ave,0.9323473585826061
397,Fulton St & Clermont Ave,0.922685572088361
403,E 2 St & 2 Ave,0.9203491255681541
3301,Columbus Ave & W 95 St,0.9189364667628834
3300,Prospect Park West & 8 St,0.9165522562628408
316,Fulton St & William St,0.9132689803563737
232,Cadman Plaza E & Tillary St,0.8982428475869159
3314,W 95 St & Broadway,0.8975430204464607
275,Washington Ave & Greene Ave,0.8968957972020866
3082,Hope St & Union Ave,0.8931707919795614
3400,E 110 St & Madison Ave,0.8920020796793183
420,Clermont Ave & Lafayette Ave,0.8875298851402047
3619,Newtown Ave & 23 St,0.8843173176404157
463,9 Ave & W 16 St,0.8839996853943657
3155,Lexington Ave & E 63 St,0.882886849542436
3443,W 52 St & 6 Ave,0.881452469270819
3226,W 82 St & Central Park West,0.8799694284769243
3175,W 70 St & Amsterdam Ave,0.8796074217154742
3173,Riverside Blvd & W 67 St,0.8788552653911441
3480,WS Don't Use,0.8781651300401919
362,Broadway & W 37 St,0.8767279523754611
3336,E 97 St & Madison Ave,0.8749890153781578
3052,Lewis Ave & Madison St,0.8742701489653146
150,E 2 St & Avenue C,0.8726373314703761
254,W 11 St & 6 Ave,0.8700859874133997
443,Bedford Ave & S 9th St,0.850558650969314
443,Bedford Ave & S 9 St,0.850558650969314
224,Spruce St & Nassau St,0.8488061591165089
3408,Congress St & Clinton St,0.8484226058191785
3132,E 59 St & Madison Ave,0.8446578682415428
409,DeKalb Ave & Skillman St,0.8321880988017617
3078,Broadway & Roebling St,0.8315513942517363
3420,Douglass St & 3 Ave,0.8311624077553517
3256,Pier 40 - Hudson River Park,0.8259214401032186
3306,10 St & 7 Ave,0.8219112458541071
3146,E 81 St & 3 Ave,0.8204342114170927
3610,Vernon Blvd & 30 Rd,0.8187345656245207
3419,Douglass St & 4 Ave,0.8178057062125546
516,E 47 St & 1 Ave,0.8161465362696555
3162,W 78 St & Broadway,0.8135231229786174
144,Nassau St & Navy St,0.8115988631599954
3350,W 100 St & Broadway,0.8112719620863595
3435,Grand St & Elizabeth St,0.8078896786029977
373,Willoughby Ave & Walworth St,0.8054366931055403
436,Hancock St & Bedford Ave,0.7911582225670994
3266,Kiosk in a box Deployment,0.7908855521442947
2001,7 Ave & Farragut St,0.7905121778074734
2001,Sands St & Navy St,0.7905121778074734
3321,Clinton St & Union St,0.787974194120762
3100,Nassau Ave & Newell St,0.7784376479787164
3148,E 84 St & 1 Ave,0.7740368820112242
3358,Garfield Pl & 8 Ave,0.7739391009791363
3288,E 88 St & 1 Ave,0.7695256244439154
3042,Fulton St & Utica Ave,0.7689063278434228
3524,19 St & 24 Ave,0.761856552251754
393,E 5 St & Avenue C,0.7601483053673892
3136,5 Ave & E 63 St,0.7542963073383082
3298,Warren St & Court St,0.7538701412964403
249,Harrison St & Hudson St,0.7460435111615631
2009,Catherine St & Monroe St,0.7389151853474313
3308,Kane St & Clinton St,0.7345650169612923
534,Water - Whitehall Plaza,0.7324101439060531
3083,Bushwick Ave & Powers St,0.7229582982326281
278,Concord St & Bridge St,0.7220622789586898
294,Washington Square E,0.720648175982171
3172,W 74 St & Columbus Ave,0.7193002572795482
3377,Carroll St & Bond St,0.7109002091744117
3062,Myrtle Ave & Marcy Ave,0.7105062811959996
3591,21 St & 31 Dr,0.7050476775099717
3292,5 Ave & E 93 St,0.7049882516678752
3312,1 Ave & E 94 St,0.6965488790917305
3563,28 St & 36 Ave,0.6951118406359973
3047,Halsey St & Tompkins Ave,0.6930689695736787
3344,Pioneer St & Van Brunt St,0.6899671892905596
3509,Lenox Ave & W 115 St,0.6869926967306398
342,Columbia St & Rivington St,0.686362410517489
3372,E 74 St & 1 Ave,0.6863553550457482
3497,Pleasant Ave & E 116 St,0.6859276440832338
3584,Eastern Pkwy & Franklin Ave,0.67791560030074
260,Broad St & Bridge St,0.6778204487561419
3597,43 St & Broadway,0.6770330968420653
538,E 48 St & Madison Ave,0.6747002575670745
538,W 49 St & 5 Ave,0.6747002575670745
3235,E 41 St & Madison Ave,0.6555263299246836
3428,8 Ave & W 16 St,0.6550216057850351
372,Franklin Ave & Myrtle Ave,0.6547824830147629
290,2 Ave & E 58 St,0.6537845478784702
411,E 6 St & Avenue D,0.6532522878489405
3057,Kosciuszko St & Tompkins Ave,0.6530639694544094
3176,W 64 St & West End Ave,0.6496448330349028
408,Market St & Cherry St,0.6496128264847797
3508,St Nicholas Ave & Manhattan Ave,0.649044771312318
3430,Richardson St & N Henry St,0.6431263577430513
3514,Astoria Park S & Shore Blvd,0.6428203834972577
3297,6 St & 7 Ave,0.6417669666642809
3081,Graham Ave & Grand St,0.6361123640297768
3050,Putnam Ave & Throop Ave,0.6283482404774714
3259,9 Ave & W 28 St,0.6283384270082569
3324,3 Ave & 14 St,0.6267859604795724
3328,W 100 St & Manhattan Ave,0.6262532321170099
421,Clermont Ave & Park Ave,0.6097379925197162
3283,W 89 St & Columbus Ave,0.6083010258249151
3258,W 27 St & 10 Ave,0.6073698693896277
331,Pike St & Monroe St,0.6049421763622506
289,Monroe St & Classon Ave,0.5964850182936084
3331,Riverside Dr & W 104 St,0.5959421102553354
3345,Madison Ave & E 99 St,0.5957475406510465
3341,Central Park West & W 102 St,0.5947886976662453
3521,Lenox Ave & W 111 St,0.5840257944906699
3221,47 Ave & 31 St,0.5825381993008654
3307,West End Ave & W 94 St,0.5812962841932247
3348,Coffey St & Conover St,0.578682195501099
3071,Boerum St & Broadway,0.5777829511787831
3338,2 Ave & E 99 St,0.5658199587538922
3181,Soissons Landing,0.5627498092332803
3157,East End Ave & E 86 St,0.5618289069963003
3343,W 107 St & Columbus Ave,0.5610488042243059
3046,Marcus Garvey Blvd & Macon St,0.5592092353396042
3453,Devoe St & Lorimer St,0.5576750170628741
3249,Verona Pl & Fulton St,0.5568846161214658
3381,3 St & Hoyt St,0.5542541645038696
3066,Tompkins Ave & Hopkins St,0.5511464456696273
160,E 37 St & Lexington Ave,0.5505249748254587
3362,Madison Ave & E 82 St,0.550212918790803
3528,Steinway St & 23 Ave,0.5499661669669529
3058,Lewis Ave & Kosciuszko St,0.5496604118558368
3128,21 St & 43 Ave,0.544533830888679
3405,5 St & 6 Ave,0.5443720102528509
3041,Kingston Ave & Herkimer St,0.5416561733640747
3040,GOW Tech Shop,0.5407995755290987
3040,SSP Tech Workshop,0.5407995755290987
3049,Cambridge Pl & Gates Ave,0.5312015250077907
3069,Lorimer St & Broadway,0.5269251929478477
3513,21 St & Hoyt Ave S,0.5257418102701984
3342,Pioneer St & Richards St,0.5256375154612392
3458,W 55 St & 6 Ave,0.5191962005153783
3387,E 106 St & Madison Ave,0.5185978453631599
3410,Dean St & Hoyt St,0.5174439783275809
3060,Willoughby Ave & Tompkins Ave,0.5172760452444035
3073,Division Ave & Hooper St,0.5091733061269021
3525,23 Ave & 27 St,0.5091706733499917
3399,7 St & 3 Ave,0.5089316359936026
3322,12 St & 4 Ave,0.5078716531713614
3391,E 106 St & 1 Ave,0.5067132654468556
3599,Franklin Ave & Empire Blvd,0.4968169829662505
3048,Putnam Ave & Nostrand Ave,0.4967816980795109
3376,E 65 St & 2 Ave,0.4952587784557502
3284,E 88 St & Park Ave,0.49429079422458777
3431,E 35 St & 3 Ave,0.49379341011353695
3576,Park Pl & Vanderbilt Ave,0.485313758225506
3547,Broadway & Moylan Pl,0.48339921129120217
3612,30 Ave & 21 St,0.47914179684232233
3230,Penn Station Valet,0.4779349722024253
3432,NYCBS Depot - GOW,0.472559545974851
3432,Bike in Movie Night | Prospect Park Bandshell,0.472559545974851
3621,27 Ave & 9 St,0.4712523993394589
3152,3 Ave & E 71 St,0.4699836810385207
3504,E 123 St & Lexington Ave,0.46923671966906266
3070,McKibbin St & Manhattan Ave,0.46098754620566273
3079,Leonard St & Grand St,0.45852512682400337
3607,31 Ave & 14 St,0.4539600344791535
3043,Lewis Ave & Decatur St,0.4467907831705384
3065,Union Ave & Wallabout St,0.4460894090938032
3144,E 81 St & Park Ave,0.44604508596390235
3434,W 88 St & West End Ave,0.4438977410069914
3459,E 53 St & 3 Ave,0.4423511860846428
3496,1 Ave & E 110 St,0.4413760377729528
3494,E 115 St & Lexington Ave,0.4319080208561892
3084,Devoe St & Leonard St,0.43159703231290786
3436,Greenwich St & Hubert St,0.4299335082881966
3511,Adam Clayton Powell Blvd & W 115 St,0.42700042383806325
3615,44 Dr & 21 St,0.4252820159598269
3063,Nostrand Ave & Myrtle Ave,0.4249688121461617
3424,E 106 St & Lexington Ave,0.4237786474696662
3535,Mt Morris Park W & W 120 St,0.4208784373470413
3493,E 118 St & 3 Ave,0.4160841545677567
3332,Degraw St & Hoyt St,0.3875023342664317
3061,Throop Ave & Myrtle Ave,0.3871803673159777
3296,E 93 St & 2 Ave,0.38457493440805357
3098,Leonard St & Bayard St,0.3841204898090537
3479,Picnic Point,0.375755115542411
3579,Sterling Pl & Bedford Ave,0.3754180696083241
3463,E 16 St & Irving Pl,0.3724352373407313
3637,Fulton St & Waverly Ave,0.3708432448480357
3545,Broadway & W 122 St,0.3677521532904415
119,Park Ave & St Edwards St,0.367208337970394
3611,Vernon Blvd & 47 Rd,0.3651702535546018
3044,Albany Ave & Fulton St,0.36433264824650474
3330,Henry St & Bay St,0.36308848807891675
3581,Underhill Ave & Lincoln Pl,0.3609485419326962
3580,St Johns Pl & Washington Ave,0.3584426116067824
3462,E 44 St & 2 Ave,0.35807084036466225
3552,W 113 St & Broadway,0.3573998644789528
3531,Frederick Douglass Blvd & W 129 St,0.33674732039488575
3114,India St & East River,0.33192843672155853
3359,E 68 St & Madison Ave,0.3304905832393444
3499,2 Ave & E 122 St,0.33046001843695944
3097,N Henry St & Richardson St,0.3287884697074335
3512,27 Ave & 4 St,0.31744452453014055
3541,Amsterdam Ave & W 125 St,0.31335524846008345
3264,E 61 St & Park Ave,0.3130948844326393
3490,E 116 St & 2 Ave,0.3124998962452652
2005,Railroad Ave & Kay Ave,0.3053586745925204
3520,Adam Clayton Powell Blvd & W 118 St,0.30534301822498366
3544,Underhill Ave & Pacific St,0.304946198947066
3567,11 St & 35 Ave,0.30487323510498493
3641,Broadway & W 25 St,0.30372754751337677
3302,Columbus Ave & W 103 St,0.30172058592094136
3586,34 Ave & 13 St,0.3013820104215962
3477,39 St & 2 Ave - Citi Bike HQ at Industry City,0.29975295421387266
3604,Rogers Ave & Sterling St,0.2996610627544475
3549,Grand Ave & Bergen St,0.2917658827171519
3469,India St & West St,0.2888583388877149
3369,E 82 St & East End Ave,0.28628375972903014
431,Hanover Pl & Livingston St,0.28401691292328163
3498,Pleasant Ave & E 120 St,0.2719171710503344
3492,E 118 St & Park Ave,0.2714741079075214
3539,W 116 St & Amsterdam Ave,0.266024696014477
3574,Prospect Pl & Underhill Ave,0.2650600351075565
3582,Lincoln Pl & Classon Ave,0.2629296958046255
3585,Union St & Bedford Ave,0.2549570723393684
3635,W 36 St & 9 Ave,0.25372663330198164
3571,Bedford Ave & Bergen St,0.25214734580991627
3623,W 120 St & Claremont Ave,0.24488543613402544
3646,35 Ave & 10 St,0.24312460345140385
3546,Pacific St & Classon Ave,0.23500682559512323
3456,Jackson St & Leonard St,0.2336960391803262
3253,Bike The Branches - Central Branch,0.2333338874690682
3138,E 77 St & Park Ave,0.2325375995975568
3257,Adventures NYC,0.22266135615677524
3654,31 St & Northern Blvd,0.22089649380546705
3133,E 67 St & Park Ave,0.21420733522434818
3133,E 67 St & Lexington Ave,0.21420733522434818
3234,E 40 St & Madison Ave,0.20018439883611916
3287,W 87 St & West End Ave,0.19819400050567013
3620,11 St & 43 Ave,0.1956811452649332
3596,Sullivan Pl & Bedford Ave,0.19374429827535966
3291,Riverside Dr & W 91 St,0.19291741622658154
3649,W 129 St & Convent Ave,0.19079960351269315
3149,E 82 St & 2 Ave,0.1891667851777891
3505,Lexington Ave & E 127 St,0.18861895663201628
3229,Marcy Ave & MacDonough St,0.1868419615256268
3441,10 Hudson Yards,0.18077920956648336
3485,NYCBS Depot - RIS,0.17554434710461614
3636,Expansion Warehouse 333 Johnson Ave,0.16909290332233978
3550,Convent Ave & W 129 St,0.16769406623490404
3252,Bike The Branches - Red Hook Branch,0.1656845482476636
3017,NYCBS Depot - FAR,0.16390759420470613
3014,3969.TEMP (Bike The Branches - Central Branch),0.16370156292615723
3014,E.T. Bike-In Movie Valet Station,0.16370156292615723
3250,NYCBS Depot - PIT,0.16173870628225137
