id,name,ratio
3340,Wolcott St & Dwight St,1.178524374176548
3557,40 Ave & 9 St,1.178082191780822
3040,SSP Tech Workshop,1.1724137931034482
3040,GOW Tech Shop,1.1724137931034482
3610,Vernon Blvd & 30 Rd,1.0612472160356348
3371,4 Ave & 2 St,1.0607022416187264
3344,Pioneer St & Van Brunt St,1.0599625234228607
471,Grand St & Havemeyer St,1.0594261899708657
2010,Grand St & Greene St,1.0588046849972261
3019,NYCBS Depot - DEL,1.8831908831908832
3485,NYCBS Depot - RIS,1.5384615384615385
3248,LPI Facility,1.5
459,W 20 St & 11 Ave,1.046786131551122
352,W 56 St & 6 Ave,1.0464800373149596
3373,3 St & 3 Ave,1.0464668351992297
3495,E 114 St & 1 Ave,1.0464088397790055
373,Willoughby Ave & Walworth St,1.0349635441094955
3527,5 Ave & E 126 St,1.0348432055749128
455,1 Ave & E 44 St,1.0341104678454076
3649,W 129 St & Convent Ave,1.0340909090909092
3594,Montgomery St & Franklin Ave OLD,1.0340909090909092
3257,Adventures NYC,1.0283400809716599
3417,Baltic St & 5 Ave,1.0276261483158036
279,Sands St & Gold St,1.027572135350836
279,Peck Slip & Front St,1.027572135350836
279,Peck Slip & Front Street,1.027572135350836
3104,KentAve&N7 St,1.0942919075144508
3104,Kent Ave & N 7 St,1.0942919075144508
418,Front St & Gold St,1.0930528999362652
3322,12 St & 4 Ave,1.0921344165435747
467,Dean St & 4 Ave,1.0882073935635503
303,Mercer St & Spring St,1.0581906259923053
3348,Coffey St & Conover St,1.0568256041802744
392,Jay St & Tech Pl,1.0555564351419389
3391,E 106 St & 1 Ave,1.0547184773988898
3467,W Broadway & Spring Street,1.0438715780760361
271,Ashland Pl & Hanson Pl,1.0436861487289142
402,Broadway & E 22 St,1.0435217983833613
539,Metropolitan Ave & Bedford Ave,1.0434386667880886
3561,37 Ave & 35 St,1.0414691943127963
3612,30 Ave & 21 St,1.0412147505422993
484,W 44 St & 5 Ave,1.0410112971775218
3647,48 Ave & 30 Pl,1.0405405405405406
3017,NYCBS Depot - FAR,1.4888059701492538
3252,Bike The Branches - Red Hook Branch,1.45
3245,NYCBS DEPOT - DELANCEY,1.4003189792663477
3245,Kiosk in a box Motivate,1.4003189792663477
3245,"Industry City, Building 1 Basement",1.4003189792663477
427,Bus Slip & State St,1.0478707666817886
427,State St,1.0478707666817886
310,State St & Smith St,1.0476414713559186
3233,E 48 St & 5 Ave,1.0473868689510855
3327,3 Ave & E 100 St,1.0469987228607918
3499,2 Ave & E 122 St,1.0452554744525548
3611,Vernon Blvd & 47 Rd,1.0450885668276972
3347,Van Brunt St & Wolcott St,1.044806726135548
3224,W 13 St & Hudson St,1.0440443831225164
3472,W 15 St & 10 Ave,1.0440394036769742
515,W 43 St & 10 Ave,1.040040848315007
3520,Adam Clayton Powell Blvd & W 118 St,1.0396375990939977
382,University Pl & E 14 St,1.039558494195004
3525,23 Ave & 27 St,1.0391705069124424
3401,2 Ave & 9 St,1.0389859394972305
296,Division St & Bowery,1.0220230890137487
3379,E 103 St & Lexington Ave,1.02187109444742
3461,Murray St & Greenwich St,1.0216705139680595
358,Christopher St & Greenwich St,1.0215958591708092
3427,Lafayette St & Jersey St,1.0136818412152209
3092,Berry St & N 8 St,1.0136041627484171
3387,E 106 St & Madison Ave,1.0135846964236208
3088,Union Ave & Jackson St,1.0135492612426609
152,Warren St & Church St,1.0274386885508566
396,Lefferts Pl & Franklin Ave,1.0272621338175116
3064,Myrtle Ave & Lewis Ave,1.027222859014246
453,W 22 St & 8 Ave,1.0271765070586094
3389,Carroll St & Columbia St,1.022703316305846
477,W 41 St & 8 Ave,1.0223931940774902
3613,Center Blvd & 48 Ave,1.0223880597014925
3529,Lenox Ave & W 130 St,1.0222123500666371
3622,E 128 St & Madison Ave,1.022099447513812
3315,Henry St & Degraw St,1.010527418425601
435,W 21 St & 6 Ave,1.010373879704022
431,Hanover Pl & Livingston St,1.0103163686382393
3381,3 St & Hoyt St,1.0103052439342552
3496,1 Ave & E 110 St,1.0326510721247564
3547,Broadway & Moylan Pl,1.0321384425216316
530,11 Ave & W 59 St,1.0320582324962773
3554,Vernon Blvd & 41 Rd,1.0319148936170213
3390,E 109 St & 3 Ave,1.0315004659832245
3588,Vernon Blvd & 10 St,1.023023023023023
3455,Schermerhorn St & 3 Ave,1.0229335881509793
3504,E 123 St & Lexington Ave,1.0228452751817239
3422,Columbia St & Degraw St,1.0227205447010066
3090,N 8 St & Driggs Ave,1.0208564655043064
3124,46 Ave & 5 St,1.0206240084611318
2004,6 Ave & Broome St,1.0205912378635504
79,Franklin St & W Broadway,1.0205842327344934
3260,Mercer St & Bleecker St,1.020505371700755
3400,E 110 St & Madison Ave,1.0165382235472802
317,E 6 St & Avenue B,1.0162446792160322
3397,Court St & Nelson St,1.0160315374507227
3532,Ditmars Blvd & 19 St,1.009698275862069
3103,N 11 St & Wythe Ave,1.0095172803161674
3072,Leonard St & Boerum St,1.0094826677905384
238,Bank St & Washington St,1.0094252873563219
324,DeKalb Ave & Hudson Ave,1.390114389876628
3394,Columbia St & W 9 St,1.302439024390244
3333,Columbia St & Lorraine St,1.2912565141864505
3653,31 St & 35 Ave,1.28
355,Bayard St & Baxter St,1.0151897622758304
454,E 51 St & 1 Ave,1.0151835290649107
3125,45 Rd & 11 St,1.01515011972739
3577,34 Ave & 21 St,1.0151057401812689
3565,36 Ave & 10 St,1.0204918032786885
229,Great Jones St,1.0200615018018433
3500,E 115 St & Madison Ave,1.0200471698113207
482,W 15 St & 7 Ave,1.0198555700248608
462,W 22 St & 10 Ave,1.0198180595013133
3115,India St & Manhattan Ave,1.0122596728477273
2009,Catherine St & Monroe St,1.012197314378172
305,E 58 St & 3 Ave,1.012056673175605
3258,W 27 St & 10 Ave,1.0119652564405577
3318,2 Ave & E 96 St,1.011938475206841
3636,Expansion Warehouse 333 Johnson Ave,2.090909090909091
3468,NYCBS Depot - STY - Garage 4,2.0430622009569377
3446,NYCBS Depot - STY - Valet Scan,2.0
3385,2 Ave & E 105 St,2.0
3543,Morningside Dr & Amsterdam Ave,2.0
3631,Crown St & Bedford Ave,2.0
218,Gallatin Pl & Livingston St,1.1152508238740388
492,W 33 St & 7 Ave,1.1124206097173706
3330,Henry St & Bay St,1.1122625215889466
3644,Van Dyke St & Van Brunt St,1.1074235807860262
398,Atlantic Ave & Furman St,1.099439954178069
3550,Convent Ave & W 129 St,1.0975609756097562
414,Pearl St & Anchorage Pl,1.0969567426458995
3604,Rogers Ave & Sterling St,1.0954545454545455
3498,Pleasant Ave & E 120 St,1.085987261146497
225,W 14 St & The High Line,1.085399425410574
304,Broadway & Battery Pl,1.0850148476292474
520,W 52 St & 5 Ave,1.08477651815162
343,Clinton Ave & Flushing Ave,1.0839360201662516
3116,Huron St & Franklin St,1.0068192203592394
212,W 16 St & The High Line,1.0068139136793472
417,Barclay St & Church St,1.0067243425714067
2012,E 27 St & 1 Ave,1.0066796740502697
3388,President St & Henry St,1.015006821282401
3510,Adam Clayton Powell Blvd & W 123 St,1.014946962391514
346,Bank St & Hudson St,1.0148898383609595
3377,Carroll St & Bond St,1.0148757276171116
3332,Degraw St & Hoyt St,1.014661183622385
494,W 26 St & 8 Ave,1.0066125749440509
3489,Gold St & Frankfort St,1.0063947078280044
72,W 52 St & 11 Ave,1.0062560890744607
461,E 20 St & 2 Ave,1.006193745827384
3476,Norman Ave & Leonard St,1.0061113626075147
253,W 13 St & 5 Ave,1.005473958913483
531,Forsyth St & Broome St,1.005431971029488
3179,Park Ave & Marcus Garvey Blvd,1.0053260167850226
3369,E 82 St & East End Ave,1.0052940064284364
3601,Sterling St & Bedford Ave,1.0831295843520783
3609,Vernon Blvd & 31 Ave,1.081769436997319
3324,3 Ave & 14 St,1.079891057648661
2000,Front St & Washington St,1.078985008789457
3568,34 St & 35 Ave,1.0140750670241288
3556,24 St & 41 Ave,1.0140712945590995
3062,Myrtle Ave & Marcy Ave,1.014061478090255
308,St James Pl & Oliver St,1.0140342223631515
3513,21 St & Hoyt Ave S,1.0109170305676856
3511,Adam Clayton Powell Blvd & W 115 St,1.0108108108108107
228,E 48 St & 3 Ave,1.0108035350583569
483,E 12 St & 3 Ave,1.0107679057750052
3242,Schermerhorn St & Court St,1.010717230008244
3107,Bedford Ave & Nassau Ave,1.0076486553170492
3553,Frederick Douglass Blvd & W 112 St,1.0075931891394385
280,E 10 St & 5 Ave,1.0074548160134071
3404,7 St & 5 Ave,1.0074119827053736
3119,Vernon Blvd & 50 Ave,1.0072189689929922
3464,W 37 St & Broadway,1.0041277164016025
3254,Soissons Landing,1.0040383978814962
546,E 30 St & Park Ave S,1.0040369371578002
3309,E 97 St & 3 Ave,1.0037804076265615
3182,Yankee Ferry Terminal,1.0036713286713286
446,W 24 St & 7 Ave,1.0026286790487067
3046,Marcus Garvey Blvd & Macon St,1.0024959305480194
540,Lexington Ave & E 26 St,1.0023599765660407
540,Lexington Ave & E 29 St,1.0023599765660407
3155,Lexington Ave & E 63 St,1.0022926500337155
3571,Bedford Ave & Bergen St,1.0021008403361344
3246,Montague St & Clinton St,1.0018176530463865
3459,E 53 St & 3 Ave,1.001817645902928
3466,W 45 St & 6 Ave,1.0016280195362344
3235,E 41 St & Madison Ave,0.9987705119588204
335,Washington Pl & Broadway,0.9987624055520027
545,E 23 St & 1 Ave,0.9986793844969364
357,E 11 St & Broadway,0.9986692475199613
320,Church St & Leonard St,0.9986056942277691
320,Leonard St & Church St,0.9986056942277691
508,W 46 St & 11 Ave,0.9986026329337354
3325,E 95 St & 3 Ave,0.9985928705440901
146,Hudson St & Reade St,0.9984593516438168
312,Allen St & Stanton St,0.9969681900575883
312,Allen St & E Houston St,0.9969681900575883
3616,Steinway St & 28 Ave,0.9969301611665388
3130,21 St & Queens Plaza North,0.9968792666276575
3435,Grand St & Elizabeth St,0.9941272387416648
3502,Lexington Ave & E 111 St,0.9941027801179444
327,Vesey Pl & River Terrace,0.9940481647332604
359,E 47 St & Park Ave,0.9939763698276751
3560,28 St & 38 Ave,0.9937810945273632
3584,Eastern Pkwy & Franklin Ave,0.9920391916717698
3378,E 76 St & Park Ave,0.9920371927395024
3101,N 12 St & Bedford Ave,0.991969261656686
3249,Verona Pl & Fulton St,0.9916201117318436
3362,Madison Ave & E 82 St,0.985638324305521
3363,E 102 St & Park Ave,0.9854842966481921
3167,Amsterdam Ave & W 73 St,0.9852184308639974
3650,8D Mobile 01,0.9848484848484849
3549,Grand Ave & Bergen St,0.981346309813463
3572,34 Ave & 38 St,0.9812108559498957
3128,21 St & 43 Ave,0.9811023622047244
3579,Sterling Pl & Bedford Ave,0.9810901001112347
526,E 33 St & 5 Ave,0.9810729768366244
3383,Cathedral Pkwy & Broadway,0.9807510999371465
3048,Putnam Ave & Nostrand Ave,0.9802014995313965
363,West Thames St,0.9801276378787968
349,Rivington St & Ridge St,0.9796070922729896
3054,Greene Ave & Throop Ave,0.9737076208362163
3020,NYCBS Test,0.9735449735449735
3540,Morningside Ave & W 123 St,0.9730639730639731
498,Broadway & W 32 St,0.9729915631704009
3145,E 84 St & Park Ave,0.9728250381572253
3418,Plaza St West & Flatbush Ave,0.9558619683373459
314,Cadman Plaza West & Montague St,0.9556296219143839
314,Montague St & Clinton St,0.9556296219143839
3078,Broadway & Roebling St,0.9554334554334555
3056,Kosciuszko St & Nostrand Ave,0.9549093119870301
3289,W 90 St & Amsterdam Ave,0.9357242382019749
321,Cadman Plaza E & Red Cross Pl,0.9353426856771531
3050,Putnam Ave & Throop Ave,0.9346973094170403
421,Clermont Ave & Park Ave,0.9345633129811521
275,Washington Ave & Greene Ave,0.9217498677015347
2021,W 45 St & 8 Ave,0.9209877961234745
500,Broadway & W 51 St,0.9203539823008849
3139,E 72 St & Park Ave,0.9188271309671865
356,Bialystoker Pl & Delancey St,0.8988805438037744
3170,W 84 St & Columbus Ave,0.896765852059584
436,Hancock St & Bedford Ave,0.8953476637400343
3587,Carroll St & Washington Ave,0.8909657320872274
3283,W 89 St & Columbus Ave,0.8751197088680329
3542,Amsterdam Ave & W 119 St,0.8742086429947702
3133,E 67 St & Lexington Ave,0.8741598207617625
3133,E 67 St & Park Ave,0.8741598207617625
3583,Eastern Pkwy & Washington Ave,0.8514619883040936
3161,W 76 St & Columbus Ave,0.8497359943577133
3623,W 120 St & Claremont Ave,0.8482352941176471
407,Henry St & Poplar St,0.848174588264763
216,Columbia Heights & Cranberry St,0.8437938575018767
282,Kent Ave & S 11 St,1.003002883563687
3329,Degraw St & Smith St,1.003001258592313
248,Laight St & Hudson St,1.0029975237846995
489,10 Ave & W 28 St,1.0027346291476904
3429,Hanson Pl & Ashland Pl,1.0007838484842064
82,St James Pl & Pearl St,1.0007724425887266
3453,Devoe St & Lorimer St,1.000625
232,Cadman Plaza E & Tillary St,1.0006097909560379
3533,St. Nicholas Ave & W 126 St,1.0005688282138794
367,E 53 St & Lexington Ave,0.997573412654038
3573,35 St & 34 Ave,0.9973404255319149
331,Pike St & Monroe St,0.997332594311844
344,Monroe St & Bedford Ave,0.9972604616122184
3070,McKibbin St & Manhattan Ave,0.9972599611827834
224,Spruce St & Nassau St,0.9967927600909962
3438,E 76 St & 3 Ave,0.996715353973024
3141,1 Ave & E 68 St,0.9967116007007334
524,W 43 St & 6 Ave,0.98999092064645
3517,31 St & Hoyt Ave N,0.9899553571428571
174,E 25 St & 1 Ave,0.9897903498773875
376,John St & William St,0.9897608362697741
487,E 20 St & FDR Drive,0.9897177307500262
3171,Amsterdam Ave & W 82 St,0.9896000291417747
3169,Riverside Dr & W 82 St,0.9895598008466212
3423,West Drive & Prospect Park West,0.9893937169700529
3405,5 St & 6 Ave,0.9893428063943162
3060,Willoughby Ave & Tompkins Ave,0.9883919062832801
518,E 39 St & 2 Ave,0.9883735182364168
3105,N 15 St & Wythe Ave,0.9883017345703913
3515,24 Ave & 26 St,0.9880418535127056
3590,Carroll St & Franklin Ave,0.9879032258064516
3083,Bushwick Ave & Powers St,0.98300564735411
444,Broadway & W 24 St,0.9828669992532578
3057,Kosciuszko St & Tompkins Ave,0.9828297281373621
3367,5 Ave & E 103 St,0.9827959056177615
3080,S 4 St & Rodney St,0.9827505280450598
3041,Kingston Ave & Herkimer St,0.977894479726429
3336,E 97 St & Madison Ave,0.9777777777777777
3081,Graham Ave & Grand St,0.9776245766811804
3136,5 Ave & E 63 St,0.9776027011817671
3398,Smith St & 9 St,0.9772049071618037
3250,NYCBS Depot - PIT,11.926829268292684
3219,NYCBS Depot - STY,4.120743034055727
3240,NYCBS Depot BAL - DYR,3.7450980392156863
3432,Bike in Movie Night | Prospect Park Bandshell,2.874747474747475
3432,NYCBS Depot - GOW,2.874747474747475
243,Fulton St & Rockwell Pl,1.1638489894495996
3596,Sullivan Pl & Bedford Ave,1.163265306122449
510,W 51 St & 6 Ave,1.15590144496473
3477,39 St & 2 Ave - Citi Bike HQ at Industry City,1.1557835820895523
2001,Sands St & Navy St,1.1507349887883067
2001,7 Ave & Farragut St,1.1507349887883067
415,Pearl St & Hanover Square,1.1340677109651338
3654,31 St & Northern Blvd,1.1304347826086956
2005,Railroad Ave & Kay Ave,1.1302285467874085
3488,8D QC Station 01,1.125
3352,Sigourney St & Columbia St,1.1210045662100456
3443,W 52 St & 6 Ave,1.10678430179495
260,Broad St & Bridge St,1.1054972548474529
3620,11 St & 43 Ave,1.1023622047244095
217,Old Fulton St,1.10146200921546
3541,Amsterdam Ave & W 125 St,1.0996784565916398
3618,27 St & Hunter St,1.0641330166270784
514,12 Ave & W 40 St,1.0637938578252522
3326,Clinton St & Centre St,1.0628140703517588
144,Nassau St & Navy St,1.0620595678411524
302,Avenue D & E 3 St,1.0042485989406453
3287,W 87 St & West End Ave,1.0042432814710043
252,MacDougal St & Washington Sq,1.0042128213243309
3436,Greenwich St & Hubert St,1.004180225943858
445,E 10 St & Avenue A,1.0016177185624118
291,Madison St & Montgomery St,1.0015699085012923
3463,E 16 St & Irving Pl,1.0015311271183491
276,Duane St & Greenwich St,1.0012943587531011
345,W 13 St & 6 Ave,1.0012679146365786
326,E 11 St & 1 Ave,0.9991328477280611
293,Lafayette St & E 8 St,0.9990775875877534
441,E 52 St & 2 Ave,0.9990391201765736
3110,Meserole Ave & Manhattan Ave,0.9989907145740815
3606,49 Ave & 21 St,0.998015873015873
340,Madison St & Clinton St,0.9979251330776716
3317,10 St & 5 Ave,0.9976828012358393
295,Pike St & E Broadway,0.9976634332358921
528,2 Ave & E 31 St,0.9924726437519432
3414,Bergen St & Flatbush Ave,0.992467694008707
512,W 29 St & 9 Ave,0.9923802021080083
3256,Pier 40 - Hudson River Park,0.9921104536489151
361,Allen St & Hester St,0.9888148175735231
330,Reade St & Broadway,0.9886766453313629
383,Greenwich Ave & Charles St,0.9883979740268845
400,Pitt St & Stanton St,0.9883930302778471
3304,6 Ave & 9 St,0.986135580237457
3102,Driggs Ave & Lorimer St,0.985916677176609
3296,E 93 St & 2 Ave,0.9858956276445698
3376,E 65 St & 2 Ave,0.9858285993525135
3569,Franklin Ave & St Marks Ave,0.9858196256381169
3142,1 Ave & E 62 St,0.981820548934206
422,W 59 St & 10 Ave,0.9817136549694154
522,E 51 St & Lexington Ave,0.9816536097175004
3637,Fulton St & Waverly Ave,0.9815668202764977
472,E 32 St & Park Ave,0.9815245569430632
3342,Pioneer St & Richards St,1.2605985037406484
3337,Dwight St & Van Dyke St,1.241752831117676
3632,E 12 St & Avenue B,1.2325977753857194
3232,Bond St & Fulton St,1.2215334420880914
3512,27 Ave & 4 St,1.2087912087912087
3478,2 Ave & 36 St - Citi Bike HQ at Industry City,1.144092219020173
337,Old Slip & Front St,1.1374218086069743
3648,Flushing Ave & Vanderbilt Ave,1.136310223266745
3063,Nostrand Ave & Myrtle Ave,1.076061320754717
137,E 56 St & Madison Ave,1.073807874379402
3068,Humboldt St & Varet St,1.073428961748634
255,NYCBS Depot - SSP,1.0733410942956927
348,W Broadway & Spring St,1.0720666324325239
3403,4 Ave & 9 St,1.0509769865392966
3392,Commerce St & Van Brunt St,1.0507555211158466
497,E 17 St & Broadway,1.0500312681003072
456,E 53 St & Madison Ave,1.0500266770141147
3168,Central Park West & W 85 St,0.9703335414776677
3358,Garfield Pl & 8 Ave,0.9701890034364261
3143,5 Ave & E 78 St,0.9699937049730712
3175,W 70 St & Amsterdam Ave,0.9697990291415651
3097,N Henry St & Richardson St,0.9697512437810946
3393,Richards St & Delavan St,1.0544852498494883
3395,Henry St & W 9 St,1.0543046357615895
3586,34 Ave & 13 St,1.054263565891473
298,3 Ave & Schermerhorn St,1.053855208946439
3114,India St & East River,1.0536696377773564
3221,47 Ave & 31 St,1.0430163254729203
426,West St & Chambers St,1.0429557527103095
3457,E 58 St & Madison Ave,1.042833358559104
147,Greenwich St & Warren St,1.0426461283885726
3312,1 Ave & E 94 St,1.041652402145384
463,9 Ave & W 16 St,1.037104156306105
157,Henry St & Atlantic Ave,1.0368938174267615
329,Greenwich St & N Moore St,1.0364350324919178
329,Greenwich St & North Moore St,1.0364350324919178
300,Shevchenko Pl & E 7 St,1.0291315254307274
300,Shevchenko Pl & E 6 St,1.0291315254307274
368,Carmine St & 6 Ave,1.028904427416601
3123,31 St & Thomson Ave,1.0271213322759714
439,E 4 St & 2 Ave,1.0270669409035467
257,Lispenard St & Broadway,1.026881638731442
3407,Union St & Nevins St,1.0267017675817978
3621,27 Ave & 9 St,1.0265957446808511
3419,Douglass St & 4 Ave,1.0258212255211623
265,Stanton St & Chrystie St,1.0256803153611393
3530,Crescent St & Ditmars Blvd,1.0253731343283583
128,MacDougal St & Prince St,1.0253461352606257
311,Norfolk St & Broome St,1.0251001530944326
306,Cliff St & Fulton St,1.0212410943666075
3425,2 Ave  & E 104 St,1.0212041630191615
3425,2 Ave & E 104 St,1.0212041630191615
3140,1 Ave & E 78 St,1.0209726443768996
251,Mott St & Prince St,1.01879331728314
3505,Lexington Ave & E 127 St,1.0186915887850467
315,South St & Gouverneur Ln,1.0186087099204189
264,Maiden Ln & Pearl St,1.0184836103157702
3524,19 St & 24 Ave,1.0180722891566265
537,Lexington Ave & E 24 St,1.0135478901679955
3079,Leonard St & Grand St,1.0133888723594169
297,E 15 St & 3 Ave,1.013314790362341
353,S Portland Ave & Hanson Pl,1.0131152599907423
3255,8 Ave & W 31 St,1.0130973982564089
3374,Central Park North & Adam Clayton Powell Blvd,1.0112340425531914
127,Barrow St & Hudson St,1.0110828481071155
384,Fulton St & Washington Ave,1.011058974305972
384,Fulton St & Waverly Ave,1.011058974305972
3305,E 91 St & 2 Ave,1.0110480016623953
502,Henry St & Grand St,1.010181550539745
328,Watts St & Greenwich St,1.0100375109345114
3411,Bond St & Bergen St,1.0098929614012326
3501,E 118 St & Madison Ave,1.0098887515451174
438,St Marks Pl & 1 Ave,1.0098770767920475
3509,Lenox Ave & W 115 St,1.008400420021001
3458,W 55 St & 6 Ave,1.0083692783106935
3490,E 116 St & 2 Ave,1.0081018518518519
3132,E 59 St & Madison Ave,1.008051923619603
3643,E 41 St & 5 Ave,0.9727272727272728
3356,Amsterdam Ave & W 66 St,0.9724205592194909
3605,31 Ave & Crescent St,0.9723865877712031
3359,E 68 St & Madison Ave,0.972212780421482
450,W 49 St & 8 Ave,0.9719628085398814
364,Lafayette Ave & Classon Ave,0.9312055517320487
3058,Lewis Ave & Kosciuszko St,0.9304022271287319
267,Broadway & W 36 St,0.9295312462573954
318,E 43 St & Vanderbilt Ave,0.9293345786728022
3316,W 104 St & Amsterdam Ave,0.9257080097277791
533,Broadway & W 38 St,0.9251678117349759
533,Broadway & W 39 St,0.9251678117349759
3089,Leonard St & Meeker Ave,0.9249377445748844
3044,Albany Ave & Fulton St,0.9242330656784024
3354,3 St & Prospect Park West,0.9160562476608031
3149,E 82 St & 2 Ave,0.9153524299967815
3144,E 81 St & Park Ave,0.914719147191472
3545,Broadway & W 122 St,0.9131082423038729
3053,Marcy Ave & Lafayette Ave,0.9073286052009456
3160,Central Park West & W 76 St,0.8816446495164655
469,Broadway & W 53 St,0.8806877437604469
362,Broadway & W 37 St,0.8806346297038776
3163,Central Park West & W 68 St,0.8765919706734464
443,Bedford Ave & S 9 St,0.8756969082615307
443,Bedford Ave & S 9th St,0.8756969082615307
3230,Penn Station Valet,0.5855214243787908
3197,Hs Don't Use,0.47058823529411764
3450,Penn Station Valet - Valet Scan,0.2377245508982036
3480,WS Don't Use,0.23333333333333334
83,Atlantic Ave & Fort Greene Pl,1.071574368412247
313,Washington Ave & Park Ave,1.0702890122671114
432,E 7 St & Avenue A,1.0686162413155047
242,Flushing Ave & Carlton Ave,1.068281494177547
242,Carlton Ave & Flushing Ave,1.068281494177547
3120,Center BlvdÂ & Borden Ave,1.0658322903629538
3120,Center Blvd & Borden Ave,1.0658322903629538
274,Lafayette Ave & Fort Greene Pl,1.0657263637102674
309,Murray St & West St,1.0654843943544026
3353,Reed St & Van Brunt St,1.0488721804511278
404,9 Ave & W 14 St,1.0483670532833347
3424,E 106 St & Lexington Ave,1.0479846449136276
3335,Union St & 4 Ave,1.0479284138269183
3615,44 Dr & 21 St,1.0463576158940397
3222,Hanson Pl & St Felix St,1.0462559069429298
3399,7 St & 3 Ave,1.045816733067729
377,6 Ave & Canal St,1.0454166666666667
3074,Montrose Ave & Bushwick Ave,1.04533996457283
284,Greenwich Ave & 8 Ave,1.0360536479802795
3599,Franklin Ave & Empire Blvd,1.0358937544867193
3066,Tompkins Ave & Hopkins St,1.035576552256074
3069,Lorimer St & Broadway,1.0355036565227649
491,E 24 St & Park Ave S,1.034004839192018
3420,Douglass St & 3 Ave,1.0338189778817846
3127,9 St & 44 Rd,1.0335809806835068
3067,Broadway & Whipple St,1.0332399485121526
3575,Crescent St & 34 Ave,1.0304054054054055
478,11 Ave & W 41 St,1.0302146708360957
3311,Columbia St & Kane St,1.030094914731075
168,W 18 St & 6 Ave,1.0297140867439571
3564,21 St & 36 Ave,1.0296610169491525
509,9 Ave & W 22 St,1.0294323376828851
3071,Boerum St & Broadway,1.0293680622323222
336,Sullivan St & Washington Sq,1.0293397697903977
3491,E 118 St & 1 Ave,1.0292792792792793
375,Mercer St & Bleecker St,1.0292200810520222
375,Mercer St & Bleecker St S,1.0292200810520222
3607,31 Ave & 14 St,1.0250569476082005
347,W Houston St & Hudson St,1.0241747386329336
347,Greenwich St & W Houston St,1.0241747386329336
259,South St & Whitehall St,1.0240083608318253
161,LaGuardia Pl & W 3 St,1.023913713688841
488,W 39 St & 9 Ave,1.023817703580439
3534,Frederick Douglass Blvd & W 117 St,1.0234800838574423
3494,E 115 St & Lexington Ave,1.0231729055258467
236,St Marks Pl & 2 Ave,1.0230643214347301
458,11 Ave & W 27 St,1.019727590302175
3591,21 St & 31 Dr,1.0194730813287514
3474,6 Ave & Spring St,1.01906179138322
3528,Steinway St & 23 Ave,1.0189035916824196
3409,Bergen St & Smith St,1.0172907577420305
388,W 26 St & 10 Ave,1.017043809912993
470,W 20 St & 8 Ave,1.016776742540394
3339,Berkeley Pl & 6 Ave,1.0166666666666666
3263,Cooper Square & Astor Pl,1.016633813495072
3263,Cooper Square & E 7 St,1.016633813495072
3526,31 St & 23 Ave,1.0158163265306122
405,Washington St & Gansevoort St,1.0157686906760424
473,Rivington St & Chrystie St,1.0155302998104403
3093,N 6 St & Bedford Ave,1.0153053454490075
372,Franklin Ave & Myrtle Ave,1.0152340709440677
3265,E 2 St & 2 Ave E,1.0128415861927265
3265,E 2 St & 2 Ave,1.0128415861927265
3537,Carlton Ave & Dean St,1.0127388535031847
3508,St Nicholas Ave & Manhattan Ave,1.0124798711755234
3486,Schermerhorn St & Bond St,1.012443438914027
250,Lafayette St & Jersey St N,1.0109905279002964
250,Lafayette St & Jersey St,1.0109905279002964
3493,E 118 St & 3 Ave,1.010958904109589
323,Lawrence St & Willoughby St,1.0109514826101678
116,W 17 St & 8 Ave,1.009425145190014
448,W 37 St & 10 Ave,1.0094031482016557
3157,East End Ave & E 86 St,1.0093438645397759
496,E 16 St & 5 Ave,1.0092725360864163
3113,Greenpoint Ave & Manhattan Ave,1.009188711012185
247,Perry St & Bleecker St,1.0088085594465752
3166,Riverside Dr & W 72 St,1.0088059109204635
3166,Riverside Dr & W 72 St,1.0088059109204635
268,Howard St & Centre St,1.008532667369051
254,W 11 St & 6 Ave,1.00841760144407
3002,South End Ave & Liberty St,1.0060689528179199
466,W 25 St & 6 Ave,1.0059953810623556
3151,E 81 St & York Ave,1.0059028225286764
380,W 4 St & 7 Ave S,1.005902684067106
354,Emerson Pl & Myrtle Ave,1.0057352859290607
151,Cleveland Pl & Spring St,1.0057276321614483
3447,E 71 St & 1 Ave,1.0057033177954484
294,Washington Square E,1.0056650460149332
3382,Carroll St & Smith St,1.0056395431496137
3428,8 Ave & W 16 St,1.0044132164218105
3319,14 St & 5 Ave,1.0044075266994406
394,E 9 St & Avenue C,1.004376606637004
395,Bond St & Schermerhorn St,1.0043516100957355
3096,Union Ave & N 12 St,1.0043271594820522
143,Clinton St & Joralemon St,1.00267131242741
319,Park Pl & Church St,1.0026667923105919
319,Fulton St & Broadway,1.0026667923105919
3396,Clinton St & 4 Place,1.0026537265903404
503,E 20 St & Park Ave,1.0026295562118208
334,W 20 St & 7 Ave,1.0011686584387898
3408,Congress St & Clinton St,1.0010259040779688
3244,University Pl & E 8 St,1.0009387815603539
2023,E 55 St & Lexington Ave,1.0008338075889727
3243,E 58 St & 1 Ave,0.9998793145063963
3042,Fulton St & Utica Ave,0.9998366546880104
3290,E 89 St & York Ave,0.9997927461139896
285,Broadway & E 14 St,0.9995612619803785
3282,5 Ave & E 88 St,0.9984272092794653
3086,Graham Ave & Conselyea St,0.9984175650281871
2008,Little West St & 1 Pl,0.9983982915109451
3264,E 61 St & Park Ave,0.9983597066769587
516,E 47 St & 1 Ave,0.9981672800366544
3321,Clinton St & Union St,0.9966058228993815
3303,Butler St & Court St,0.9962131707767617
341,Stanton St & Mangin St,0.9961571777305299
3516,31 St & Astoria Blvd,0.996144578313253
3431,E 35 St & 3 Ave,0.9959987858384614
3440,Fulton St & Adams St,0.9945321493175464
3449,Eckford St & Engert Ave,0.9944776806258628
532,S 5 Pl & S 4 St,0.9943953150178831
532,S 5 Pl & S 5 St,0.9943953150178831
2003,1 Ave & E 18 St,0.994299799722693
325,E 19 St & 3 Ave,0.9930364295380514
3452,Bayard St & Leonard St,0.9927934111187371
3298,Warren St & Court St,0.992738519464802
538,E 48 St & Madison Ave,0.9926783495889832
538,W 49 St & 5 Ave,0.9926783495889832
3642,E 98 St & Lexington Ave,0.9892241379310345
3555,28 St & 41 Ave,0.9890988372093024
3416,7 Ave & Park Pl,0.9890592900482538
525,W 34 St & 11 Ave,0.9890220325847194
442,W 27 St & 7 Ave,0.9888327502425277
3479,Picnic Point,0.987434554973822
387,Centre St & Chambers St,0.9873759771497294
3153,E 71 St & 2 Ave,0.9871890857665752
389,Broadway & Berry St,0.9869769427839453
433,E 13 St & Avenue A,0.9869427052197716
474,5 Ave & E 29 St,0.98482062618145
523,W 38 St & 8 Ave,0.9845396028917913
505,6 Ave & W 33 St,0.9843340953313446
3523,24 Ave & 29 St,0.9842931937172775
3047,Halsey St & Tompkins Ave,0.984243611723406
360,William St & Pine St,0.9826674084012348
290,2 Ave & E 58 St,0.9825448152450319
3544,Underhill Ave & Pacific St,0.9822222222222222
485,W 37 St & 5 Ave,0.9821688932296209
3154,E 77 St & 3 Ave,0.9788468881252387
3355,E 66 St & Madison Ave,0.9786828135368282
527,E 33 St & 1 Ave,0.978584473743464
527,E 33 St & 2 Ave,0.978584473743464
379,W 31 St & 7 Ave,0.9784716504100724
3131,E 68 St & 3 Ave,0.9747128566135606
3150,E 85 St & York Ave,0.9746605469497036
3241,Monroe St & Tompkins Ave,0.9741444151936819
3176,W 64 St & West End Ave,0.9740151258607066
499,Broadway & W 60 St,0.9695453428700945
3331,Riverside Dr & W 104 St,0.9694098967980948
481,S 3 St & Bedford Ave,0.9690182265841398
3384,Smith St & 3 St,0.9688462235102336
3506,Lexington Ave & E 120 St,0.9665653495440729
3091,Frost St & Meeker St,0.9659784138901923
233,Cadman Plaza W & Pierrepont St,0.9659142880202308
233,Joralemon St & Adams St,0.9659142880202308
419,Carlton Ave & Park Ave,0.960437836222355
3036,8D OPS 01,0.96
3095,Graham Ave & Herbert St,0.9598574217092422
3345,Madison Ave & E 99 St,0.959595135091013
278,Concord St & Bridge St,0.9592332523544876
3341,Central Park West & W 102 St,0.9590038548614086
3581,Underhill Ave & Lincoln Pl,0.958980733374767
3617,28 Ave & 35 St,0.9584699453551913
3582,Lincoln Pl & Classon Ave,0.9583333333333334
3294,E 91 St & Park Ave,0.9544040842673552
3098,Leonard St & Bayard St,0.954078947368421
457,Broadway & W 58 St,0.9532811662035006
3580,St Johns Pl & Washington Ave,0.9531946508172363
3158,W 63 St & Broadway,0.952440718992335
3061,Throop Ave & Myrtle Ave,0.9344016024036054
3099,Leonard St & Manhattan Ave,0.9337112952464021
490,8 Ave & W 33 St,0.9330041430230966
3172,W 74 St & Columbus Ave,0.9326682002636408
3357,W 106 St & Amsterdam Ave,0.9324634103332745
3536,W 116 St & Broadway,0.7773043283247365
289,Monroe St & Classon Ave,0.7506153930310158
399,Lafayette Ave & St James Pl,0.7443593565297836
3539,W 116 St & Amsterdam Ave,0.7160037002775208
3236,W 42 St & Dyer Ave,0.6964069268632018
3236,PABT Valet,0.6964069268632018
3014,E.T. Bike-In Movie Valet Station,0.6907407407407408
3014,3969.TEMP (Bike The Branches - Central Branch),0.6907407407407408
3302,Columbus Ave & W 103 St,0.62749040394809
3514,Astoria Park S & Shore Blvd,1.005281690140845
223,W 13 St & 7 Ave,1.0052781316024315
536,1 Ave & E 30 St,1.0052274114774116
3413,Wyckoff St & 3 Ave,1.004994450610433
3308,Kane St & Clinton St,1.0048097030531158
342,Columbia St & Rivington St,1.003439606586363
412,Forsyth St & Canal St,1.003403968949543
160,E 37 St & Lexington Ave,1.0031364440784287
3147,E 85 St & 3 Ave,1.0030921913003092
3223,E 55 St & 3 Ave,1.003066050706704
3633,333 Johnson TEST 1,1.0
3239,Bressler,1.0
3000,MLSWKiosk,1.0
3598,Newton Rd & 44 St,1.0
332,Cherry St,0.9999088076601566
401,Allen St & Rivington St,0.9995119259825143
3445,Riverside Dr & W 89 St,0.9994066455696202
3087,Metropolitan Ave & Meeker Ave,0.9993799795393248
3412,Pacific St & Nevins St,0.9993065187239945
3307,West End Ave & W 94 St,0.9992073483470881
3082,Hope St & Union Ave,0.9971844918768786
3619,Newtown Ave & 23 St,0.9970501474926253
3156,E 72 St & York Ave,0.9970372840487887
3286,E 89 St & 3 Ave,0.9969983369163996
479,9 Ave & W 45 St,0.9969828558538236
3346,Berkeley Pl & 7 Ave,0.9950980392156863
386,Centre St & Worth St,0.9950750210939506
3291,Riverside Dr & W 91 St,0.9950145409223099
350,Clinton St & Grand St,0.9949272287912048
263,Elizabeth St & Hester St,0.9948610946597297
475,E 15 St & Irving Pl,0.9942372401647851
475,E 16 St & Irving Pl,0.9942372401647851
2022,E 59 St & Sutton Pl,0.9941521397130099
2022,E 60 St & York Ave,0.9941521397130099
2006,Central Park S & 6 Ave,0.9910556986041469
476,E 31 St & 3 Ave,0.9907828795139765
164,E 47 St & 2 Ave,0.9906601589064208
3551,3 Ave & E 112 St,0.9901685393258427
3180,Brooklyn Bridge Park - Pier 2,0.9868569868569869
3641,Broadway & W 25 St,0.986582048957389
3065,Union Ave & Wallabout St,0.9862977945974162
195,Liberty St & Broadway,0.9862087368530668
3323,W 106 St & Central Park West,0.9840984208593463
3238,E 80 St & 2 Ave,0.9840338255711221
3284,E 88 St & Park Ave,0.9837452094621383
3365,3 St & 7 Ave,0.9836712477888148
3111,Norman Ave & Leonard St,0.9836304802994734
3111,Norman Ave & Leonard St - 2,0.9836304802994734
493,W 45 St & 6 Ave (1),1.049795874516545
493,W 45 St & 6 Ave,1.049795874516545
534,Water - Whitehall Plaza,1.049521657880791
2002,Wythe Ave & Metropolitan Ave,1.04945721187355
3148,E 84 St & 1 Ave,1.049407006613106
430,York St & Jay St,1.0384348206723952
3122,48 Ave & 5 St,1.038332571254382
3492,E 118 St & Park Ave,1.0375
3016,Mobile 01,1.0373865857572133
3016,Kent Ave & N 7 St,1.0373865857572133
3421,Hoyt St & Warren St,1.0312767048367801
434,9 Ave & W 18 St,1.030996339787777
351,Front St & Maiden Ln,1.0308562668019823
3338,2 Ave & E 99 St,1.0305292848846856
403,E 2 St & 2 Ave,1.0264025794564717
3112,Milton St & Franklin St,1.0263869223838331
3237,21 St & 41 Ave,1.0263859275053304
3364,Carroll St & 5 Ave,1.0260184151785714
464,E 56 St & 3 Ave,1.0214144462947543
408,Market St & Cherry St,1.0214054523007108
3410,Dean St & Hoyt St,1.0213371266002844
3288,E 88 St & 1 Ave,1.0212958233468232
3531,Frederick Douglass Blvd & W 129 St,1.0212765957446808
3503,Madison Ave & E 120 St,1.0179640718562875
3570,35 Ave & 37 St,1.0177165354330708
237,E 11 St & 2 Ave,1.0173329293023472
3614,Crescent St & 30 Ave,1.0173160173160174
3129,Queens Plaza North & Crescent St,1.014027606329256
410,Suffolk St & Stanton St,1.0140140965000466
261,Johnson St & Gold St,1.0139612419254012
3469,India St & West St,1.0138107416879796
3368,5 Ave & 3 St,1.0137376116180945
3181,Soissons Landing,1.0130252100840336
3497,Pleasant Ave & E 116 St,1.0130232558139536
3597,43 St & Broadway,1.0130010834236187
3085,Roebling St & N 4 St,1.0129897251691589
3117,Franklin St & Dupont St,1.0117059313317334
460,S 4 St & Wythe Ave,1.011426465167711
301,E 2 St & Avenue B,1.0114198881035157
3109,Banker St & Meserole Ave,1.0113242689513875
440,E 45 St & 3 Ave,1.009151892281176
3522,37 St & 24 Ave,1.0090771558245084
411,E 6 St & Avenue D,1.0089992131053724
3173,Riverside Blvd & W 67 St,1.0088651315789474
3259,9 Ave & W 28 St,1.0079028768617355
3372,E 74 St & 1 Ave,1.007783363061456
3351,E 102 St & 1 Ave,1.0077544253703408
3462,E 44 St & 2 Ave,1.0076601671309193
3518,Lenox Ave & W 126 St,1.0076521739130435
3415,Prospect Pl & 6 Ave,1.0047147571900048
3441,10 Hudson Yards,1.0046674445740957
495,W 47 St & 10 Ave,1.0046500512120178
249,Harrison St & Hudson St,1.0045067284442926
3521,Lenox Ave & W 111 St,1.0036702428006776
3635,W 36 St & 9 Ave,1.003610515626763
119,Park Ave & St Edwards St,1.0035328941086603
3361,Carroll St & 6 Ave,1.003479566077642
393,E 5 St & Avenue C,1.0003693785206391
480,W 53 St & 10 Ave,1.0003357522758662
3402,Court St & State St,1.0002599428125811
369,Washington Pl & 6 Ave,1.000170773359356
3108,Nassau Ave & Russell St,0.996878758375809
428,E 3 St & 1 Ave,0.9968550048801649
3137,5 Ave & E 73 St,0.9968483555134019
486,Broadway & W 29 St,0.9968356741231166
504,1 Ave & E 15 St,0.9967945108512042
504,1 Ave & E 16 St,0.9967945108512042
3121,Jackson Ave & 46 Rd,0.9955618824317535
3430,Richardson St & N Henry St,0.9952276342701311
385,E 55 St & 2 Ave,0.995212814645309
3535,Mt Morris Park W & W 120 St,0.9951923076923077
3100,Nassau Ave & Newell St,0.9948036951501155
307,Canal St & Rutgers St,0.9947626703781915
3234,E 40 St & Madison Ave,0.9946724262059036
3126,44 Dr & Jackson Ave,0.994557540506855
3507,Park Ave & E 124 St,0.9936157864190366
390,Duffield St & Willoughby St,0.9935613943808532
3077,Stagg St & Union Ave,0.9935481132475912
3370,78 St & 2 Ave,0.9934611711116009
3370,E 78 St & 2 Ave,0.9934611711116009
3646,35 Ave & 10 St,0.9912663755458515
3589,Broadway & 12 St,0.9912060301507538
316,Fulton St & William St,0.9911954565538349
3454,Leonard St & Maujer St,0.991166077738516
3076,Scholes St & Manhattan Ave,0.9910754999674288
513,W 56 St & 10 Ave,0.9878805584327057
3059,Pulaski St & Marcus Garvey Blvd,0.9876913365946032
3456,Jackson St & Leonard St,0.9875486381322958
266,Avenue D & E 8 St,0.9874484489869105
3135,E 75 St & 3 Ave,0.9833902587376596
507,E 25 St & 2 Ave,0.9832870021814251
3084,Devoe St & Leonard St,0.9832068092937658
322,Clinton St & Tillary St,0.9794659154035394
3314,W 95 St & Broadway,0.9790120839516642
3292,5 Ave & E 93 St,0.9789840066969203
365,Fulton St & Grand Ave,0.9789804097418794
3360,Amsterdam Ave & W 79 St,0.9783025653320546
3386,1 Pl & Clinton St,0.9782844733984799
3094,Graham Ave & Withers St,0.9782430472346598
3118,McGuinness Blvd & Eagle St,0.9779299549990217
3574,Prospect Pl & Underhill Ave,0.9771062271062271
3231,E 67 St & Park Ave,0.9765556045895851
3049,Cambridge Pl & Gates Ave,0.9761527631115804
3375,3 Ave & E 72 St,0.9759517404418359
406,Hicks St & Montague St,0.9648556571633494
3563,28 St & 36 Ave,0.9625850340136054
3152,3 Ave & E 71 St,0.9624036820602989
3434,W 88 St & West End Ave,0.9621811785400176
3146,E 81 St & 3 Ave,0.9621405269073663
3320,Central Park West & W 100 St,0.9516387602422515
3548,Pacific St & Bedford Ave,0.9508196721311475
3578,Park Pl & Franklin Ave,0.9502018842530283
3159,W 67 St & Broadway,0.9502012072434608
423,W 54 St & 9 Ave,0.9495235243709799
529,W 42 St & 8 Ave,0.9484595028107938
3253,Bike The Branches - Central Branch,0.948051948051948
3301,Columbus Ave & W 95 St,0.9476761669283972
3567,11 St & 35 Ave,0.9466292134831461
3055,Greene Ave & Nostrand Ave,0.9431685480731802
3306,10 St & 7 Ave,0.9418252231015323
3226,W 82 St & Central Park West,0.9406174243236866
244,Willoughby Ave & Hall St,0.9404964659797326
449,W 52 St & 9 Ave,0.9265400901516186
519,E 42 St & Vanderbilt Ave,0.9261096050603306
519,Pershing Square North,0.9261096050603306
519,Pershing Square N,0.9261096050603306
258,DeKalb Ave & Vanderbilt Ave,0.8304942586120819
517,Pershing Square S,0.8239029568135571
517,E 41 St & Madison Ave,0.8239029568135571
517,Pershing Square South,0.8239029568135571
173,Broadway & W 49 St,0.9756146507882899
3328,W 100 St & Manhattan Ave,0.975609756097561
3043,Lewis Ave & Decatur St,0.9753740648379052
270,Adelphi St & Myrtle Ave,0.9749810995657295
3106,Driggs Ave & N Henry St,0.9749413521006611
501,FDR Drive & E 35 St,0.9717806094479134
3052,Lewis Ave & Madison St,0.9716501564129302
167,E 39 St & 3 Ave,0.9710361534144891
3349,Grand Army Plaza & Plaza St West,0.9710135633437009
3625,28 St & 40 Ave,0.96875
3073,Division Ave & Hooper St,0.9685829426762069
3313,6 Ave & 12 St,0.9680303440801951
437,Macon St & Nostrand Ave,0.9680096879178546
3595,35 St & Broadway,0.9671610169491526
366,Clinton Ave & Myrtle Ave,0.9579593958629747
3293,W 92 St & Broadway,0.9579181906083155
3350,W 100 St & Broadway,0.9577970438834358
3162,W 78 St & Broadway,0.9576340939229046
3566,Crescent St & 35 Ave,0.9575835475578406
239,Willoughby St & Fleet St,0.9397832606324973
120,Lexington Ave & Classon Ave,0.9385201113970458
3585,Union St & Bedford Ave,0.9384615384615385
150,E 2 St & Avenue C,0.9380882924931934
3558,Bergen St & Vanderbilt Ave,0.9376915219611849
3366,West End Ave & W 107 St,0.9376577679186109
281,Grand Army Plaza & Central Park S,0.9375371118815484
3178,Riverside Dr & W 78 St,0.936785696144664
3602,31 Ave & 34 St,0.9365262550490479
3538,W 110 St & Amsterdam Ave,0.8678117998506348
391,Clark St & Henry St,0.8667113034744972
3593,31 St & Broadway,0.8631824234354194
420,Clermont Ave & Lafayette Ave,0.8629144520374589
3559,21 St & 38 Ave,0.9619047619047619
2017,E 43 St & 2 Ave,0.9618620915746913
3310,14 St & 7 Ave,0.9613737373737373
3343,W 107 St & Columbus Ave,0.9608461997782137
3576,Park Pl & Vanderbilt Ave,0.957573354480571
409,DeKalb Ave & Skillman St,0.9566165249618487
339,Avenue D & E 12 St,0.9563390677340601
447,8 Ave & W 52 St,0.9559406926776516
153,E 40 St & 5 Ave,0.9446120887528692
3592,Crescent St & Broadway,0.9441087613293051
397,Fulton St & Clermont Ave,0.9438520059821836
3285,W 87 St & Amsterdam Ave,0.9438481821220337
3285,W 87 St  & Amsterdam Ave,0.9438481821220337
3134,3 Ave & E 62 St,0.9289744773991445
241,DeKalb Ave & S Portland Ave,0.9285331094161827
3165,Central Park West & W 72 St,0.9282013395417562
3075,Division Ave & Marcy Ave,0.9275261324041811
3297,6 St & 7 Ave,0.9272056356927205
416,Cumberland St & Lafayette Ave,0.9174521565267066
3295,Central Park W & W 96 St,0.9171717677703752
3437,Riverside Dr & W 91 St,0.917113783533765
3562,Classon Ave & St Marks Ave,0.9168241965973535
3603,31 Ave & 30 St,0.916256157635468
465,Broadway & W 41 St,0.9072742082788241
3546,Pacific St & Classon Ave,0.9070175438596492
3138,E 77 St & Park Ave,0.9057669441141498
468,Broadway & W 56 St,0.9056828776479261
468,Broadway & W 55 St,0.9056828776479261
3229,Marcy Ave & MacDonough St,0.9050218340611353
3177,W 84 St & Broadway,0.9007022860960389
3300,Prospect Park West & 8 St,0.9003828843957815
511,E 14 St & Avenue B,0.8998315890104882
521,8 Ave & W 31 St N,0.8609854474115718
521,8 Ave & W 31 St,0.8609854474115718
245,Myrtle Ave & St Edwards St,0.8602829259557704
3266,Kiosk in a box Deployment,0.8571428571428571
262,Washington Park,0.8171581485308534
3164,Columbus Ave & W 72 St,0.8044603592222866
3552,W 113 St & Broadway,0.8034976924945348
3470,Expansion Tech Station,0.7777777777777778
3470,Gowanus Tech Station,0.7777777777777778
