src,name,percent
3101,N 12 St & Bedford Ave,0.03651909031119111
3312,1 Ave & E 94 St,0.03646011639849367
3126,44 Dr & Jackson Ave,0.0364353967594516
3533,St. Nicholas Ave & W 126 St,0.03640500568828214
3522,37 St & 24 Ave,0.036308623298033284
3391,E 106 St & 1 Ave,0.0323817076394396
427,Bus Slip & State St,0.03224915678810233
427,State St,0.03224915678810233
120,Lexington Ave & Classon Ave,0.032220537949025276
3611,Vernon Blvd & 47 Rd,0.0322061191626409
412,Forsyth St & Canal St,0.024485100788781772
416,Cumberland St & Lafayette Ave,0.024410607958165798
3392,Commerce St & Van Brunt St,0.024409143742735374
3399,7 St & 3 Ave,0.024236387782204515
3319,14 St & 5 Ave,0.021868113239532125
3576,Park Pl & Vanderbilt Ave,0.021808088818398096
344,Monroe St & Bedford Ave,0.021745085953016916
3088,Union Ave & Jackson St,0.021743338279889026
3135,E 75 St & 3 Ave,0.021709633649932156
3170,W 84 St & Columbus Ave,0.02068689223148924
3388,President St & Henry St,0.02067373281561549
410,Suffolk St & Stanton St,0.020666809499480857
512,W 29 St & 9 Ave,0.020659024231228947
346,Bank St & Hudson St,0.020642437969731288
3621,27 Ave & 9 St,0.04521276595744681
408,Market St & Cherry St,0.04481297340585271
3062,Myrtle Ave & Marcy Ave,0.044555264879005886
457,Broadway & W 58 St,0.04420798595875384
3400,E 110 St & Madison Ave,0.043708162232097655
3219,NYCBS Depot - STY,0.043343653250773995
3104,KentAve&N7 St,0.04320809248554913
3104,Kent Ave & N 7 St,0.04320809248554913
3598,Newton Rd & 44 St,0.04305043050430504
3396,Clinton St & 4 Place,0.027522935779816515
3123,31 St & Thomson Ave,0.027438540840602696
3308,Kane St & Clinton St,0.0273943956503555
530,11 Ave & W 59 St,0.02733081782828064
83,Atlantic Ave & Fort Greene Pl,0.02671908984440355
364,Lafayette Ave & Classon Ave,0.0266976370727231
3489,Gold St & Frankfort St,0.026681367144432193
418,Front St & Gold St,0.02662379048612318
405,Washington St & Gansevoort St,0.0265591840613221
3534,Frederick Douglass Blvd & W 117 St,0.026415094339622643
3338,2 Ave & E 99 St,0.026381284221005476
3390,E 109 St & 3 Ave,0.026374650512581546
3405,5 St & 6 Ave,0.026369722639704878
143,Clinton St & Joralemon St,0.026281732205077152
3147,E 85 St & 3 Ave,0.01719649470171965
376,John St & William St,0.017190227810682576
3359,E 68 St & Madison Ave,0.01716519374575119
3469,India St & West St,0.017135549872122763
3572,34 Ave & 38 St,0.016701461377870562
3304,6 Ave & 9 St,0.01669858291842206
228,E 48 St & 3 Ave,0.016692347200821776
470,W 20 St & 8 Ave,0.01668828871329166
270,Adelphi St & Myrtle Ave,0.01608734637902843
3472,W 15 St & 10 Ave,0.01606700732234104
323,Lawrence St & Willoughby St,0.016020896821941664
3556,24 St & 41 Ave,0.01594746716697936
458,11 Ave & W 27 St,0.015926178065106017
3545,Broadway & W 122 St,0.019364448857994043
415,Pearl St & Hanover Square,0.01932289034866094
252,MacDougal St & Washington Sq,0.01931990013011218
316,Fulton St & William St,0.01931180153675385
400,Pitt St & Stanton St,0.019252610875647527
468,Broadway & W 56 St,0.0149335443724117
468,Broadway & W 55 St,0.0149335443724117
3435,Grand St & Elizabeth St,0.014927153898161282
480,W 53 St & 10 Ave,0.01491808407542217
3246,Montague St & Clinton St,0.014904754980369347
474,5 Ave & E 29 St,0.011548513051472488
3356,Amsterdam Ave & W 66 St,0.01150051779582493
335,Washington Pl & Broadway,0.011469954285984983
503,E 20 St & Park Ave,0.011466020932423295
267,Broadway & W 36 St,0.011385502247558825
402,Broadway & E 22 St,0.010881118956012327
455,1 Ave & E 44 St,0.010813818042733705
164,E 47 St & 2 Ave,0.010811834482521154
3131,E 68 St & 3 Ave,0.010791033716191181
499,Broadway & W 60 St,0.06708952305813064
3374,Central Park North & Adam Clayton Powell Blvd,0.06565106382978723
3331,Riverside Dr & W 104 St,0.06456734585869278
216,Columbia Heights & Cranberry St,0.06348118411175299
3468,NYCBS Depot - STY - Garage 4,0.06220095693779904
3528,Steinway St & 23 Ave,0.03213610586011342
322,Clinton St & Tillary St,0.03202126815332117
407,Henry St & Poplar St,0.03196818836495711
3339,Berkeley Pl & 6 Ave,0.03192239858906525
3157,East End Ave & E 86 St,0.0751122812451603
3604,Rogers Ave & Sterling St,0.075
3041,Kingston Ave & Herkimer St,0.07474352711284807
3300,Prospect Park West & 8 St,0.07321824410559549
3320,Central Park West & W 100 St,0.04283933024581404
341,Stanton St & Mangin St,0.042554531852901804
3053,Marcy Ave & Lafayette Ave,0.0425531914893617
3529,Lenox Ave & W 130 St,0.0422034651266104
3341,Central Park West & W 102 St,0.029553937465581593
3310,14 St & 7 Ave,0.029494949494949494
3551,3 Ave & E 112 St,0.02949438202247191
3055,Greene Ave & Nostrand Ave,0.02948618139353834
3197,Hs Don't Use,0.029411764705882353
3508,St Nicholas Ave & Manhattan Ave,0.026972624798711754
391,Clark St & Henry St,0.02691360386427222
3454,Leonard St & Maujer St,0.026880363452801617
3609,Vernon Blvd & 31 Ave,0.02680965147453083
508,W 46 St & 11 Ave,0.01958520261822461
2010,Grand St & Greene St,0.019533844338701235
3171,Amsterdam Ave & W 82 St,0.019488561853416873
3503,Madison Ave & E 120 St,0.019461077844311378
3289,W 90 St & Amsterdam Ave,0.019446295510995335
313,Washington Ave & Park Ave,0.019399152932914922
3077,Stagg St & Union Ave,0.01939810688059765
430,York St & Jay St,0.019383939021953237
260,Broad St & Bridge St,0.019372437278476613
3501,E 118 St & Madison Ave,0.0173053152039555
361,Allen St & Hester St,0.01727434111702854
448,W 37 St & 10 Ave,0.017267371012926972
3642,E 98 St & Lexington Ave,0.017241379310344827
137,E 56 St & Madison Ave,0.016164415194550284
3458,W 55 St & 6 Ave,0.01615914504603103
3416,7 Ave & Park Pl,0.01614829678467345
489,10 Ave & W 28 St,0.016102797657774885
3366,West End Ave & W 107 St,0.023024554425151073
3144,E 81 St & Park Ave,0.02301148011480115
3150,E 85 St & York Ave,0.022972843755976285
3064,Myrtle Ave & Lewis Ave,0.02296544948419846
195,Liberty St & Broadway,0.02037123815474331
262,Washington Park,0.020348144026706937
377,6 Ave & Canal St,0.020231481481481482
3140,1 Ave & E 78 St,0.020189385083002106
3502,Lexington Ave & E 111 St,0.015164279696714406
3094,Graham Ave & Withers St,0.015009144226524563
3113,Greenpoint Ave & Manhattan Ave,0.014981594041606027
2003,1 Ave & E 18 St,0.014943768294561701
3161,W 76 St & Columbus Ave,0.0197670650578525
301,E 2 St & Avenue B,0.019754564501646213
358,Christopher St & Greenwich St,0.019607441193050787
3108,Nassau Ave & Russell St,0.01958650707290533
3453,Devoe St & Lorimer St,0.018125
3099,Leonard St & Manhattan Ave,0.018098560837331006
3119,Vernon Blvd & 50 Ave,0.01806662186810022
3112,Milton St & Franklin St,0.018057113436184102
3413,Wyckoff St & 3 Ave,0.01798002219755827
265,Stanton St & Chrystie St,0.017929806714140385
128,MacDougal St & Prince St,0.017925499506271404
3346,Berkeley Pl & 7 Ave,0.01791549953314659
3231,E 67 St & Park Ave,0.017900485436893203
236,St Marks Pl & 2 Ave,0.014336763043436607
449,W 52 St & 9 Ave,0.014324090515867596
3364,Carroll St & 5 Ave,0.014299665178571428
3110,Meserole Ave & Manhattan Ave,0.01427417959513236
336,Sullivan St & Washington Sq,0.014265708788268647
305,E 58 St & 3 Ave,0.014264792697879298
428,E 3 St & 1 Ave,0.014223825478455927
3486,Schermerhorn St & Bond St,0.01414027149321267
218,Gallatin Pl & Livingston St,0.014097400219699744
444,Broadway & W 24 St,0.012670076672544777
3224,W 13 St & Hudson St,0.01262423886910614
3544,Underhill Ave & Pacific St,0.012592592592592593
3427,Lafayette St & Jersey St,0.01249160352121805
504,1 Ave & E 15 St,0.012476069434836468
504,1 Ave & E 16 St,0.012476069434836468
526,E 33 St & 5 Ave,0.012197673202310527
3506,Lexington Ave & E 120 St,0.0121580547112462
3402,Court St & State St,0.012143042816294702
3467,W Broadway & Spring Street,0.012120853781115118
3590,Carroll St & Franklin Ave,0.012096774193548387
483,E 12 St & 3 Ave,0.012020204371406624
520,W 52 St & 5 Ave,0.01199271807359947
3373,3 St & 3 Ave,0.01197785000601902
465,Broadway & W 41 St,0.011892478957371708
3446,NYCBS Depot - STY - Valet Scan,1.0
3633,333 Johnson TEST 1,1.0
3000,MLSWKiosk,1.0
3488,8D QC Station 01,1.0
3239,Bressler,1.0
3462,E 44 St & 2 Ave,0.00828690807799443
435,W 21 St & 6 Ave,0.008227307138147451
3516,31 St & Astoria Blvd,0.00819277108433735
318,E 43 St & Vanderbilt Ave,0.008170641881373822
3255,8 Ave & W 31 St,0.00722403372580051
519,E 42 St & Vanderbilt Ave,0.006229734757880189
519,Pershing Square North,0.006229734757880189
519,Pershing Square N,0.006229734757880189
3235,E 41 St & Madison Ave,0.006147440205898264
3318,2 Ave & E 96 St,0.01765783774779277
360,William St & Pine St,0.017627103853747397
3382,Carroll St & Smith St,0.017534713994597412
3401,2 Ave & 9 St,0.017469109501491265
258,DeKalb Ave & Vanderbilt Ave,0.016635047428856714
3372,E 74 St & 1 Ave,0.016620723204151127
393,E 5 St & Avenue C,0.0165527749561363
3238,E 80 St & 2 Ave,0.0165341411081661
295,Pike St & E Broadway,0.01650769246330781
538,E 48 St & Madison Ave,0.015568419105014141
538,W 49 St & 5 Ave,0.015568419105014141
314,Cadman Plaza West & Montague St,0.015560879075096344
314,Montague St & Clinton St,0.015560879075096344
522,E 51 St & Lexington Ave,0.015555304367484283
3298,Warren St & Court St,0.015397028171855039
3398,Smith St & 9 St,0.015334880636604774
3500,E 115 St & Madison Ave,0.015330188679245283
3569,Franklin Ave & St Marks Ave,0.015314804310833806
461,E 20 St & 2 Ave,0.013620393066513326
367,E 53 St & Lexington Ave,0.013597835081519917
385,E 55 St & 2 Ave,0.013528604118993134
494,W 26 St & 8 Ave,0.013515255891914792
3650,8D Mobile 01,0.9848484848484849
3036,8D OPS 01,0.96
3266,Kiosk in a box Deployment,0.8571428571428571
3470,Expansion Tech Station,0.7777777777777778
3470,Gowanus Tech Station,0.7777777777777778
239,Willoughby St & Fleet St,0.010598418756815704
3020,NYCBS Test,0.010582010582010581
3648,Flushing Ave & Vanderbilt Ave,0.010575793184488837
174,E 25 St & 1 Ave,0.010555037474527683
3635,W 36 St & 9 Ave,0.010493061040279816
511,E 14 St & Avenue B,0.0173302133761679
495,W 47 St & 10 Ave,0.017323318538750427
3080,S 4 St & Rodney St,0.01730814362825628
320,Church St & Leonard St,0.01730694227769111
320,Leonard St & Church St,0.01730694227769111
433,E 13 St & Avenue A,0.016492045013581685
3614,Crescent St & 30 Ave,0.01645021645021645
319,Park Pl & Church St,0.016339992461364493
319,Fulton St & Broadway,0.016339992461364493
513,W 56 St & 10 Ave,0.015288733080144123
317,E 6 St & Avenue B,0.015262380637358085
2021,W 45 St & 8 Ave,0.015230437903804739
434,9 Ave & W 18 St,0.015195076610435647
212,W 16 St & The High Line,0.015173422412790214
3181,Soissons Landing,0.5764705882352941
3040,SSP Tech Workshop,0.4827586206896552
3040,GOW Tech Shop,0.4827586206896552
3182,Yankee Ferry Terminal,0.47249417249417247
539,Metropolitan Ave & Bedford Ave,0.03344868409070212
3066,Tompkins Ave & Hopkins St,0.033359043578866175
3016,Mobile 01,0.03324386614931295
3016,Kent Ave & N 7 St,0.03324386614931295
528,2 Ave & E 31 St,0.013851137879502122
476,E 31 St & 3 Ave,0.013828422287775938
500,Broadway & W 51 St,0.013823249835995342
3234,E 40 St & Madison Ave,0.013822894168466522
3254,Soissons Landing,0.41893412777226086
3245,NYCBS DEPOT - DELANCEY,0.3572567783094099
3245,Kiosk in a box Motivate,0.3572567783094099
3245,"Industry City, Building 1 Basement",0.3572567783094099
266,Avenue D & E 8 St,0.02900802900802901
501,FDR Drive & E 35 St,0.028974849242535666
3610,Vernon Blvd & 30 Rd,0.028953229398663696
395,Bond St & Schermerhorn St,0.02893290029506039
3347,Van Brunt St & Wolcott St,0.02891418025223008
3115,India St & Manhattan Ave,0.02786599733633849
3383,Cathedral Pkwy & Broadway,0.027865074376702284
3083,Bushwick Ave & Powers St,0.027766157707592554
3418,Plaza St West & Flatbush Ave,0.02775953892171883
3497,Pleasant Ave & E 116 St,0.023565891472868215
3317,10 St & 5 Ave,0.023558187435633367
464,E 56 St & 3 Ave,0.023470024979184014
3177,W 84 St & Broadway,0.02343126232259536
290,2 Ave & E 58 St,0.021018428405487708
3332,Degraw St & Hoyt St,0.020919005900232435
3417,Baltic St & 5 Ave,0.020902676075089867
3229,Marcy Ave & MacDonough St,0.02074235807860262
173,Broadway & W 49 St,0.0199801275556404
445,E 10 St & Avenue A,0.01997155360055984
3107,Bedford Ave & Nassau Ave,0.019966216857408566
3410,Dean St & Hoyt St,0.01991465149359886
3138,E 77 St & Park Ave,0.01917360285374554
3355,E 66 St & Madison Ave,0.01916058394160584
3407,Union St & Nevins St,0.019086122602482138
3092,Berry St & N 8 St,0.019079263578041083
515,W 43 St & 10 Ave,0.017449592704300947
3581,Underhill Ave & Lincoln Pl,0.01740211311373524
3151,E 81 St & York Ave,0.0173475963397345
242,Flushing Ave & Carlton Ave,0.017341331854615113
242,Carlton Ave & Flushing Ave,0.017341331854615113
459,W 20 St & 11 Ave,0.017105899978729373
3019,NYCBS Depot - DEL,0.017094017094017096
243,Fulton St & Rockwell Pl,0.017054362103300708
375,Mercer St & Bleecker St,0.017029195269208503
375,Mercer St & Bleecker St S,0.017029195269208503
3257,Adventures NYC,0.23481781376518218
2006,Central Park S & 6 Ave,0.21010317812052465
255,NYCBS Depot - SSP,0.20779976717112922
3253,Bike The Branches - Central Branch,0.18831168831168832
3342,Pioneer St & Richards St,0.17736907730673318
3118,McGuinness Blvd & Eagle St,0.01702210917628644
456,E 53 St & Madison Ave,0.016995683174079644
453,W 22 St & 8 Ave,0.016985931987383567
3156,E 72 St & York Ave,0.01698110787620721
3180,Brooklyn Bridge Park - Pier 2,0.1765921765921766
3394,Columbia St & W 9 St,0.16463414634146342
3120,Center BlvdÂ & Borden Ave,0.16203587818105966
3120,Center Blvd & Borden Ave,0.16203587818105966
3485,NYCBS Depot - RIS,0.15384615384615385
3423,West Drive & Prospect Park West,0.15303875513799178
3477,39 St & 2 Ave - Citi Bike HQ at Industry City,0.15205223880597016
431,Hanover Pl & Livingston St,0.13256533700137552
3654,31 St & Northern Blvd,0.13043478260869565
127,Barrow St & Hudson St,0.01696182083398633
3093,N 6 St & Bedford Ave,0.016955175389613684
3595,35 St & Broadway,0.01694915254237288
3057,Kosciuszko St & Tompkins Ave,0.016917767864657856
3414,Bergen St & Flatbush Ave,0.016308479027019557
3384,Smith St & 3 St,0.01630139467487774
482,W 15 St & 7 Ave,0.01627086539599858
368,Carmine St & 6 Ave,0.016228222746319527
366,Clinton Ave & Myrtle Ave,0.01618419612564299
3479,Picnic Point,0.12705061082024433
3532,Ditmars Blvd & 19 St,0.125
398,Atlantic Ave & Furman St,0.12470565773563291
3354,3 St & Prospect Park West,0.11773512270758701
3375,3 Ave & E 72 St,0.015651748593788213
3159,W 67 St & Broadway,0.015643863179074447
152,Warren St & Church St,0.015632041178061065
3580,St Johns Pl & Washington Ave,0.015601783060921248
3507,Park Ave & E 124 St,0.011027278003482298
497,E 17 St & Broadway,0.01096575739184814
3155,Lexington Ave & E 63 St,0.010923803101820635
486,Broadway & W 29 St,0.010914490178419297
297,E 15 St & 3 Ave,0.010894832234645567
2005,Railroad Ave & Kay Ave,0.11448900388098318
3333,Columbia St & Lorraine St,0.10943833236826868
3594,Montgomery St & Franklin Ave OLD,0.10606060606060606
281,Grand Army Plaza & Central Park S,0.09477273162602716
3349,Grand Army Plaza & Plaza St West,0.09292333344021547
3636,Expansion Warehouse 333 Johnson Ave,0.09090909090909091
217,Old Fulton St,0.0868930005414849
3432,Bike in Movie Night | Prospect Park Bandshell,0.08282828282828283
3432,NYCBS Depot - GOW,0.08282828282828283
3237,21 St & 41 Ave,0.08022388059701492
3165,Central Park West & W 72 St,0.07601753652632909
3514,Astoria Park S & Shore Blvd,0.07570422535211267
387,Centre St & Chambers St,0.07543220084185208
3330,Henry St & Bay St,0.07512953367875648
3068,Humboldt St & Varet St,0.07206284153005464
3564,21 St & 36 Ave,0.07203389830508475
3137,5 Ave & E 73 St,0.07159864449647786
3478,2 Ave & 36 St - Citi Bike HQ at Industry City,0.07076528978546269
3127,9 St & 44 Rd,0.07043090638930163
3498,Pleasant Ave & E 120 St,0.07006369426751592
3169,Riverside Dr & W 82 St,0.06990108130634089
3524,19 St & 24 Ave,0.06927710843373494
3340,Wolcott St & Dwight St,0.06719367588932806
3554,Vernon Blvd & 41 Rd,0.06170212765957447
3596,Sullivan Pl & Bedford Ave,0.061224489795918366
3136,5 Ave & E 63 St,0.05993247045582442
3042,Fulton St & Utica Ave,0.0597843841881738
3143,5 Ave & E 78 St,0.05899839127089599
3601,Sterling St & Bedford Ave,0.05867970660146699
332,Cherry St,0.05773994984421309
3337,Dwight St & Van Dyke St,0.05760709010339734
3525,23 Ave & 27 St,0.0576036866359447
3352,Sigourney St & Columbia St,0.05745814307458143
3302,Columbus Ave & W 103 St,0.0573935295192835
3160,Central Park West & W 76 St,0.056870615005372605
3599,Franklin Ave & Empire Blvd,0.05599425699928212
3168,Central Park West & W 85 St,0.055986898688690695
3291,Riverside Dr & W 91 St,0.05525550477773162
3492,E 118 St & Park Ave,0.055
3617,28 Ave & 35 St,0.0546448087431694
3530,Crescent St & Ditmars Blvd,0.05373134328358209
3565,36 Ave & 10 St,0.05327868852459016
3122,48 Ave & 5 St,0.05243103185490017
3163,Central Park West & W 68 St,0.052338437888015135
3618,27 St & Hunter St,0.052256532066508314
339,Avenue D & E 12 St,0.05217736898881508
3404,7 St & 5 Ave,0.05178093473337451
3540,Morningside Ave & W 123 St,0.05134680134680135
443,Bedford Ave & S 9 St,0.050810947795235685
443,Bedford Ave & S 9th St,0.050810947795235685
3282,5 Ave & E 88 St,0.05029653658376749
3619,Newtown Ave & 23 St,0.05014749262536873
3607,31 Ave & 14 St,0.05011389521640091
409,DeKalb Ave & Skillman St,0.04961848702855897
3130,21 St & Queens Plaza North,0.049541642285937194
383,Greenwich Ave & Charles St,0.04953936568581059
514,12 Ave & W 40 St,0.04938401067449656
3550,Convent Ave & W 129 St,0.04878048780487805
3047,Halsey St & Tompkins Ave,0.04808555800473508
3445,Riverside Dr & W 89 St,0.04806170886075949
3178,Riverside Dr & W 78 St,0.046934525321278
3221,47 Ave & 31 St,0.046903342834931326
3044,Albany Ave & Fulton St,0.04632489190858555
3043,Lewis Ave & Decatur St,0.04629052369077307
3351,E 102 St & 1 Ave,0.046098721856783785
3166,Riverside Dr & W 72 St,0.045938131861902154
3166,Riverside Dr & W 72 St,0.045938131861902154
3292,5 Ave & E 93 St,0.045292329382737806
3437,Riverside Dr & W 91 St,0.042183163737280295
3048,Putnam Ave & Nostrand Ave,0.04217432052483599
2009,Catherine St & Monroe St,0.041902338510046884
3515,24 Ave & 26 St,0.04185351270553064
340,Madison St & Clinton St,0.041740598706427795
3287,W 87 St & West End Ave,0.04172560113154172
3344,Pioneer St & Van Brunt St,0.04147407870081199
321,Cadman Plaza E & Red Cross Pl,0.0413975000955621
3557,40 Ave & 9 St,0.0410958904109589
3133,E 67 St & Lexington Ave,0.041075429424943986
3133,E 67 St & Park Ave,0.041075429424943986
3570,35 Ave & 37 St,0.040354330708661415
3129,Queens Plaza North & Crescent St,0.03995062282572102
3495,E 114 St & 1 Ave,0.039779005524861875
532,S 5 Pl & S 4 St,0.039617969579059074
532,S 5 Pl & S 5 St,0.039617969579059074
406,Hicks St & Montague St,0.03949255872332796
3326,Clinton St & Centre St,0.03936348408710218
144,Nassau St & Navy St,0.03920576211796768
342,Columbia St & Rivington St,0.039147972151618964
3449,Eckford St & Engert Ave,0.039116428900138056
436,Hancock St & Bedford Ave,0.039105863356544555
3124,46 Ave & 5 St,0.039000528820729775
3295,Central Park W & W 96 St,0.03894705204628563
279,Sands St & Gold St,0.03878516485500704
279,Peck Slip & Front St,0.03878516485500704
279,Peck Slip & Front Street,0.03878516485500704
3058,Lewis Ave & Kosciuszko St,0.03878275895171354
3072,Leonard St & Boerum St,0.038773574965757035
363,West Thames St,0.038543357614613305
3512,27 Ave & 4 St,0.038461538461538464
3523,24 Ave & 29 St,0.038394415357766144
2008,Little West St & 1 Pl,0.03830599382636498
3327,3 Ave & E 100 St,0.03805874840357599
373,Willoughby Ave & Walworth St,0.03799087536775679
331,Pike St & Monroe St,0.03798454983198808
3065,Union Ave & Wallabout St,0.03758319196137283
3173,Riverside Blvd & W 67 St,0.03756578947368421
3521,Lenox Ave & W 111 St,0.037549407114624504
3363,E 102 St & Park Ave,0.03747690683557667
3226,W 82 St & Central Park West,0.037178469525668806
3513,21 St & Hoyt Ave S,0.03711790393013101
276,Duane St & Greenwich St,0.03710495092223061
3531,Frederick Douglass Blvd & W 129 St,0.03700277520814061
2002,Wythe Ave & Metropolitan Ave,0.03698788393786341
282,Kent Ave & S 11 St,0.03686984190116337
3568,34 St & 35 Ave,0.03686327077747989
426,West St & Chambers St,0.03678706519320626
467,Dean St & 4 Ave,0.03658553851817242
224,Spruce St & Nassau St,0.036050371070198775
3096,Union Ave & N 12 St,0.03579741026061301
3597,43 St & Broadway,0.035752979414951244
3063,Nostrand Ave & Myrtle Ave,0.0355247641509434
3592,Crescent St & Broadway,0.035498489425981876
3541,Amsterdam Ave & W 125 St,0.03536977491961415
2022,E 59 St & Sutton Pl,0.03523018004417677
2022,E 60 St & York Ave,0.03523018004417677
3535,Mt Morris Park W & W 120 St,0.03502747252747253
2001,Sands St & Navy St,0.03488082385183955
2001,7 Ave & Farragut St,0.03488082385183955
3527,5 Ave & E 126 St,0.03484320557491289
232,Cadman Plaza E & Tillary St,0.03483430836366408
372,Franklin Ave & Myrtle Ave,0.034193261425553206
315,South St & Gouverneur Ln,0.03409980831910022
3367,5 Ave & E 103 St,0.03397568359844298
3547,Broadway & Moylan Pl,0.03378656777915121
3179,Park Ave & Marcus Garvey Blvd,0.03373143963847643
3588,Vernon Blvd & 10 St,0.03303303303303303
3422,Columbia St & Degraw St,0.03293368857312019
3307,West End Ave & W 94 St,0.032778477176295055
3353,Reed St & Van Brunt St,0.0327431481930633
3387,E 106 St & Madison Ave,0.03271416689769892
3395,Henry St & W 9 St,0.032671081677704196
3002,South End Ave & Liberty St,0.032585136052725464
3612,30 Ave & 21 St,0.03253796095444685
3125,45 Rd & 11 St,0.03251059126911034
3520,Adam Clayton Powell Blvd & W 118 St,0.031710079275198186
3526,31 St & 23 Ave,0.03163265306122449
2000,Front St & Washington St,0.031598370947841944
291,Madison St & Montgomery St,0.03144574301073564
354,Emerson Pl & Myrtle Ave,0.03137702544685116
471,Grand St & Havemeyer St,0.03127592660479654
3348,Coffey St & Conover St,0.031188765512736773
3067,Broadway & Whipple St,0.03104414325736352
3510,Adam Clayton Powell Blvd & W 123 St,0.03085824493731919
3553,Frederick Douglass Blvd & W 112 St,0.030832949838932353
389,Broadway & Berry St,0.030796327924850556
304,Broadway & Battery Pl,0.030705384091130366
3311,Columbia St & Kane St,0.03055791341924531
82,St James Pl & Pearl St,0.030521920668058457
3368,5 Ave & 3 St,0.03046806005298793
414,Pearl St & Anchorage Pl,0.03036249277292079
411,E 6 St & Avenue D,0.030259675227126404
3579,Sterling Pl & Bedford Ave,0.030033370411568408
3052,Lewis Ave & Madison St,0.029979144942648594
329,Greenwich St & N Moore St,0.029879502334846358
329,Greenwich St & North Moore St,0.029879502334846358
3323,W 106 St & Central Park West,0.02982005141388175
3309,E 97 St & 3 Ave,0.029750164365548983
3412,Pacific St & Nevins St,0.02972062611452348
3050,Putnam Ave & Throop Ave,0.029708520179372196
460,S 4 St & Wythe Ave,0.029692427407134375
3421,Hoyt St & Warren St,0.029567595282857632
327,Vesey Pl & River Terrace,0.02937837170762667
3103,N 11 St & Wythe Ave,0.029197080291970802
3616,Steinway St & 28 Ave,0.02916346891788181
3358,Garfield Pl & 8 Ave,0.029037800687285224
3589,Broadway & 12 St,0.028894472361809045
307,Canal St & Rutgers St,0.02888030332117489
3046,Marcus Garvey Blvd & Macon St,0.0288659793814433
3613,Center Blvd & 48 Ave,0.028784648187633263
3577,34 Ave & 21 St,0.028700906344410877
3294,E 91 St & Park Ave,0.02863681708819905
3350,W 100 St & Broadway,0.028606347630141696
481,S 3 St & Bedford Ave,0.028588038162979175
3074,Montrose Ave & Bushwick Ave,0.028580188036517237
3585,Union St & Bedford Ave,0.02857142857142857
157,Henry St & Atlantic Ave,0.02854305532567972
3561,37 Ave & 35 St,0.02843601895734597
3322,12 St & 4 Ave,0.02843426883308715
3455,Schermerhorn St & 3 Ave,0.02818920210224558
3290,E 89 St & York Ave,0.028186528497409328
437,Macon St & Nostrand Ave,0.0281555112647274
3073,Division Ave & Hooper St,0.028127313101406367
3393,Richards St & Delavan St,0.027995183624322698
525,W 34 St & 11 Ave,0.02774725976647334
3425,2 Ave  & E 104 St,0.027721038809454333
3425,2 Ave & E 104 St,0.027721038809454333
3149,E 82 St & 2 Ave,0.027679433537174124
225,W 14 St & The High Line,0.0275459885939711
3256,Pier 40 - Hudson River Park,0.02726675034367342
3091,Frost St & Meeker St,0.027139058345064915
3336,E 97 St & Madison Ave,0.027087198515769944
328,Watts St & Greenwich St,0.02702862988717067
3511,Adam Clayton Powell Blvd & W 115 St,0.02702702702702703
397,Fulton St & Clermont Ave,0.02678977826906821
3232,Bond St & Fulton St,0.026753670473083198
3494,E 115 St & Lexington Ave,0.026737967914438502
3632,E 12 St & Avenue B,0.02673125224255472
356,Bialystoker Pl & Delancey St,0.026548462233208156
3070,McKibbin St & Manhattan Ave,0.02648704189976025
3145,E 84 St & Park Ave,0.026438132664339222
349,Rivington St & Ridge St,0.026425536379373657
502,Henry St & Grand St,0.026279534989054127
3646,35 Ave & 10 St,0.026200873362445413
3076,Scholes St & Manhattan Ave,0.026122076737671814
3106,Driggs Ave & N Henry St,0.026053884979028934
3602,31 Ave & 34 St,0.025966532025389497
487,E 20 St & FDR Drive,0.025952250325173683
386,Centre St & Worth St,0.025908874133313768
3623,W 120 St & Claremont Ave,0.02588235294117647
350,Clinton St & Grand St,0.02576045452030031
3313,6 Ave & 12 St,0.02573828230831753
396,Lefferts Pl & Franklin Ave,0.025609062085038346
365,Fulton St & Grand Ave,0.025559821753874612
3389,Carroll St & Columbia St,0.025541230844076866
241,DeKalb Ave & S Portland Ave,0.025540549996501294
3172,W 74 St & Columbus Ave,0.025511127193776007
3139,E 72 St & Park Ave,0.025423323447814023
3377,Carroll St & Bond St,0.0254088515199113
3121,Jackson Ave & 46 Rd,0.025372634399598058
3644,Van Dyke St & Van Brunt St,0.025327510917030567
3591,21 St & 31 Dr,0.025200458190148912
298,3 Ave & Schermerhorn St,0.025191288993525605
352,W 56 St & 6 Ave,0.025154865265173524
3054,Greene Ave & Throop Ave,0.025106256795492735
3518,Lenox Ave & W 126 St,0.025043478260869566
3128,21 St & 43 Ave,0.025021872265966753
351,Front St & Maiden Ln,0.025015384947583215
3365,3 St & 7 Ave,0.024901347122057424
248,Laight St & Hudson St,0.02482731656457709
261,Johnson St & Gold St,0.0248157760139423
3491,E 118 St & 1 Ave,0.024774774774774775
421,Clermont Ave & Park Ave,0.024732324573046634
3084,Devoe St & Leonard St,0.02472969864274212
275,Washington Ave & Greene Ave,0.024660433938966306
259,South St & Whitehall St,0.024647035485150813
238,Bank St & Washington St,0.024645263575108996
3049,Cambridge Pl & Gates Ave,0.024639211545230553
3379,E 103 St & Lexington Ave,0.02419210855204428
289,Monroe St & Classon Ave,0.024178108418576663
3176,W 64 St & West End Ave,0.024156225307596795
3509,Lenox Ave & W 115 St,0.02415120756037802
72,W 52 St & 11 Ave,0.02407794015309673
3061,Throop Ave & Myrtle Ave,0.024036054081121683
3117,Franklin St & Dupont St,0.023950629377479552
3622,E 128 St & Madison Ave,0.02394106813996317
3573,35 St & 34 Ave,0.023936170212765957
3606,49 Ave & 21 St,0.023809523809523808
278,Concord St & Bridge St,0.02376119005624147
3575,Crescent St & 34 Ave,0.02364864864864865
233,Cadman Plaza W & Pierrepont St,0.023593661725538725
233,Joralemon St & Adams St,0.023593661725538725
3060,Willoughby Ave & Tompkins Ave,0.023429179978700747
3314,W 95 St & Broadway,0.023425906296374813
3071,Boerum St & Broadway,0.023424525828161874
302,Avenue D & E 3 St,0.02340922113677973
384,Fulton St & Washington Ave,0.023399549372635758
384,Fulton St & Waverly Ave,0.023399549372635758
3456,Jackson St & Leonard St,0.023346303501945526
3324,3 Ave & 14 St,0.023301558480859436
3369,E 82 St & East End Ave,0.023255813953488372
3586,34 Ave & 13 St,0.023255813953488372
3357,W 106 St & Amsterdam Ave,0.02321753952859578
353,S Portland Ave & Hanson Pl,0.02317543588952322
306,Cliff St & Fulton St,0.02317451068676007
249,Harrison St & Hudson St,0.023141291000468397
245,Myrtle Ave & St Edwards St,0.0229205837586176
392,Jay St & Tech Pl,0.022909706939408813
3574,Prospect Pl & Underhill Ave,0.022893772893772892
247,Perry St & Bleecker St,0.022832359582780744
3079,Leonard St & Grand St,0.02281067142715462
3436,Greenwich St & Hubert St,0.022700214302722437
3114,India St & East River,0.022567798217333585
3164,Columbus Ave & W 72 St,0.022539251351120313
3555,28 St & 41 Ave,0.02252906976744186
3075,Division Ave & Marcy Ave,0.022473867595818816
3567,11 St & 35 Ave,0.02247191011235955
534,Water - Whitehall Plaza,0.022466739185005438
447,8 Ave & W 52 St,0.022459375622527675
3434,W 88 St & West End Ave,0.022364618670687272
3343,W 107 St & Columbus Ave,0.022349228013307174
3069,Lorimer St & Broadway,0.022292993630573247
3321,Clinton St & Union St,0.02225071654849902
3583,Eastern Pkwy & Washington Ave,0.022222222222222223
3536,W 116 St & Broadway,0.022202287508409958
3408,Congress St & Clinton St,0.022121056681200308
401,Allen St & Rivington St,0.022048213224683814
3430,Richardson St & N Henry St,0.021968032724793578
3111,Norman Ave & Leonard St,0.021952921768923293
3111,Norman Ave & Leonard St - 2,0.021952921768923293
3059,Pulaski St & Marcus Garvey Blvd,0.021934669401925202
296,Division St & Bowery,0.021905656627703204
3499,2 Ave & E 122 St,0.021897810218978103
3362,Madison Ave & E 82 St,0.02161705511106694
420,Clermont Ave & Lafayette Ave,0.021608453556061755
3306,10 St & 7 Ave,0.021552449907391816
3403,4 Ave & 9 St,0.02153712548849327
3081,Graham Ave & Grand St,0.021528785679729077
343,Clinton Ave & Flushing Ave,0.021456651561984216
3305,E 91 St & 2 Ave,0.021403338643762555
3249,Verona Pl & Fulton St,0.021374787466601895
3552,W 113 St & Broadway,0.021374787466601895
3415,Prospect Pl & 6 Ave,0.021373565928021372
3315,Henry St & Degraw St,0.021316712931440843
404,9 Ave & W 14 St,0.021267550361908083
3381,3 St & Hoyt St,0.021262718497260632
3241,Monroe St & Tompkins Ave,0.0212485896953742
337,Old Slip & Front St,0.021190041655637443
3085,Roebling St & N 4 St,0.021176175758082033
355,Bayard St & Baxter St,0.021174938355613116
473,Rivington St & Chrystie St,0.02113208830254758
3424,E 106 St & Lexington Ave,0.02072936660268714
3316,W 104 St & Amsterdam Ave,0.020710755471875734
3605,31 Ave & Crescent St,0.020710059171597635
310,State St & Smith St,0.020706078626590962
3100,Nassau Ave & Newell St,0.020640877598152425
3411,Bond St & Bergen St,0.020596821277975998
3175,W 70 St & Amsterdam Ave,0.0205872586689436
311,Norfolk St & Broome St,0.02058065876442709
274,Lafayette Ave & Fort Greene Pl,0.020567433541988457
2023,E 55 St & Lexington Ave,0.020554018820228438
330,Reade St & Broadway,0.020509850519735986
3153,E 71 St & 2 Ave,0.020464187671574745
3452,Bayard St & Leonard St,0.02041866849691146
399,Lafayette Ave & St James Pl,0.02017268849257337
244,Willoughby Ave & Hall St,0.020160946947117432
3082,Hope St & Union Ave,0.020089030932541947
3283,W 89 St & Columbus Ave,0.020063206282321396
119,Park Ave & St Edwards St,0.02005156115726153
347,W Houston St & Hudson St,0.019912374575821602
347,Greenwich St & W Houston St,0.019912374575821602
3017,NYCBS Depot - FAR,0.01990049751243781
3397,Court St & Nelson St,0.01988611476127902
3109,Banker St & Meserole Ave,0.019817470664928293
478,11 Ave & W 41 St,0.019073377648183894
3105,N 15 St & Wythe Ave,0.019039935457845904
251,Mott St & Prince St,0.01889545487707011
3087,Metropolitan Ave & Meeker Ave,0.01884862200452615
3264,E 61 St & Park Ave,0.01881512929370899
3476,Norman Ave & Leonard St,0.01878678134902671
3329,Degraw St & Smith St,0.01878206990028076
390,Duffield St & Willoughby St,0.01875216788067985
3625,28 St & 40 Ave,0.01875
462,W 22 St & 10 Ave,0.01872967309843041
3328,W 100 St & Manhattan Ave,0.0187294709623314
150,E 2 St & Avenue C,0.018718397510696226
3563,28 St & 36 Ave,0.01870748299319728
3505,Lexington Ave & E 127 St,0.018691588785046728
3504,E 123 St & Lexington Ave,0.018691588785046728
3587,Carroll St & Washington Ave,0.018691588785046728
3560,28 St & 38 Ave,0.018656716417910446
3301,Columbus Ave & W 95 St,0.01864412442781249
3148,E 84 St & 1 Ave,0.018609608132480734
3242,Schermerhorn St & Court St,0.018598516075845013
3098,Leonard St & Bayard St,0.01855263157894737
531,Forsyth St & Broome St,0.018528306979464226
394,E 9 St & Avenue C,0.018504088959445386
146,Hudson St & Reade St,0.0184694392223394
3537,Carlton Ave & Dean St,0.01840056617126681
300,Shevchenko Pl & E 7 St,0.01836462924920771
300,Shevchenko Pl & E 6 St,0.01836462924920771
510,W 51 St & 6 Ave,0.01835848791173456
3146,E 81 St & 3 Ave,0.018340324039805907
3562,Classon Ave & St Marks Ave,0.018273471959672338
3493,E 118 St & 3 Ave,0.0182648401826484
309,Murray St & West St,0.01824002512255971
3162,W 78 St & Broadway,0.01822214093008368
294,Washington Square E,0.018221479423511027
3116,Huron St & Franklin St,0.018208021371577208
3285,W 87 St & Amsterdam Ave,0.018197348386377984
3285,W 87 St  & Amsterdam Ave,0.018197348386377984
422,W 59 St & 10 Ave,0.01801959251253277
545,E 23 St & 1 Ave,0.018007421110600212
348,W Broadway & Spring St,0.017995496893533698
308,St James Pl & Oliver St,0.017991990510751742
2004,6 Ave & Broome St,0.017876148482808055
268,Howard St & Centre St,0.017832754516720645
3386,1 Pl & Clinton St,0.017806731813246473
303,Mercer St & Spring St,0.01779687926922026
79,Franklin St & W Broadway,0.017785461797204652
3293,W 92 St & Broadway,0.017782822550132426
3584,Eastern Pkwy & Franklin Ave,0.017758726270667484
380,W 4 St & 7 Ave S,0.017673228106526905
151,Cleveland Pl & Spring St,0.017659181461523198
263,Elizabeth St & Hester St,0.01691100764457727
3286,E 89 St & 3 Ave,0.01683365107694804
3360,Amsterdam Ave & W 79 St,0.016782546152001917
3102,Driggs Ave & Lorimer St,0.016731828309580865
264,Maiden Ln & Pearl St,0.01673102984481511
3440,Fulton St & Adams St,0.015869100476895246
439,E 4 St & 2 Ave,0.015862291631789156
3419,Douglass St & 4 Ave,0.015792798483891344
312,Allen St & Stanton St,0.015757925750065502
312,Allen St & E Houston St,0.015757925750065502
3620,11 St & 43 Ave,0.015748031496062992
257,Lispenard St & Broadway,0.015735408087285546
479,9 Ave & W 45 St,0.015687269719527785
454,E 51 St & 1 Ave,0.01568718981868213
3284,E 88 St & Park Ave,0.015527950310559006
369,Washington Pl & 6 Ave,0.015507847442465642
3361,Carroll St & 6 Ave,0.015487480384799072
3288,E 88 St & 1 Ave,0.015480727672782994
3243,E 58 St & 1 Ave,0.015447743181269612
3154,E 77 St & 3 Ave,0.015425735013363879
3566,Crescent St & 35 Ave,0.015424164524421594
147,Greenwich St & Warren St,0.015415875796953327
3222,Hanson Pl & St Felix St,0.015403489640130861
3558,Bergen St & Vanderbilt Ave,0.01481103166496425
3578,Park Pl & Franklin Ave,0.014804845222072678
3158,W 63 St & Broadway,0.014803442556815635
516,E 47 St & 1 Ave,0.014794779704104406
3297,6 St & 7 Ave,0.014760147601476014
3097,N Henry St & Richardson St,0.01472636815920398
432,E 7 St & Avenue A,0.014689452920434313
469,Broadway & W 53 St,0.014686343700444304
3457,E 58 St & Madison Ave,0.014681398516724686
3078,Broadway & Roebling St,0.014652014652014652
3549,Grand Ave & Bergen St,0.014598540145985401
3086,Graham Ave & Conselyea St,0.01458807239639996
419,Carlton Ave & Park Ave,0.014569635385534968
509,9 Ave & W 22 St,0.01456003464097461
3325,E 95 St & 3 Ave,0.014540337711069419
3582,Lincoln Pl & Classon Ave,0.014492753623188406
326,E 11 St & 1 Ave,0.014484240206773857
3244,University Pl & E 8 St,0.01446464746281931
441,E 52 St & 2 Ave,0.014460765659487023
3167,Amsterdam Ave & W 73 St,0.01438644837088669
280,E 10 St & 5 Ave,0.014375081266162937
271,Ashland Pl & Hanson Pl,0.014344262295081968
3371,4 Ave & 2 St,0.014084507042253521
438,St Marks Pl & 1 Ave,0.013976635692221644
3490,E 116 St & 2 Ave,0.013888888888888888
527,E 33 St & 1 Ave,0.013860048535188012
527,E 33 St & 2 Ave,0.013860048535188012
3603,31 Ave & 30 St,0.013793103448275862
284,Greenwich Ave & 8 Ave,0.01378587067072649
237,E 11 St & 2 Ave,0.013678002843756556
3370,78 St & 2 Ave,0.013665417676878995
3370,E 78 St & 2 Ave,0.013665417676878995
2017,E 43 St & 2 Ave,0.01351400575529086
491,E 24 St & Park Ave S,0.013495364706522035
3378,E 76 St & Park Ave,0.013452693011523815
450,W 49 St & 8 Ave,0.013390361606433117
254,W 11 St & 6 Ave,0.013381591792378111
403,E 2 St & 2 Ave,0.013376324274527868
3056,Kosciuszko St & Nostrand Ave,0.013375215320701185
160,E 37 St & Lexington Ave,0.013369311909726482
3593,31 St & Broadway,0.013315579227696404
3474,6 Ave & Spring St,0.013251133786848073
3152,3 Ave & E 71 St,0.013238868490458706
3542,Amsterdam Ave & W 119 St,0.013212221304706853
3132,E 59 St & Madison Ave,0.01320665976860126
3409,Bergen St & Smith St,0.013142046519097455
518,E 39 St & 2 Ave,0.013110434066992348
3095,Graham Ave & Herbert St,0.013069676652804889
3335,Union St & 4 Ave,0.013054670262319197
493,W 45 St & 6 Ave (1),0.013044334622546913
493,W 45 St & 6 Ave,0.013044334622546913
3459,E 53 St & 3 Ave,0.013018274710159167
540,Lexington Ave & E 26 St,0.012982634551825528
540,Lexington Ave & E 29 St,0.012982634551825528
3014,E.T. Bike-In Movie Valet Station,0.012962962962962963
3014,3969.TEMP (Bike The Branches - Central Branch),0.012962962962962963
488,W 39 St & 9 Ave,0.01295292286220409
325,E 19 St & 3 Ave,0.012866284486334673
463,9 Ave & W 16 St,0.012795117962895843
3259,9 Ave & W 28 St,0.01276618569972644
388,W 26 St & 10 Ave,0.012713331403631246
3420,Douglass St & 3 Ave,0.012682116705669207
3496,1 Ave & E 110 St,0.012670565302144249
3089,Leonard St & Meeker Ave,0.012451085023123443
3447,E 71 St & 1 Ave,0.012448587880449684
161,LaGuardia Pl & W 3 St,0.012419302144733876
546,E 30 St & Park Ave S,0.012399553267413037
116,W 17 St & 8 Ave,0.012317320971064293
3461,Murray St & Greenwich St,0.01229566118622509
524,W 43 St & 6 Ave,0.012289812965316869
3466,W 45 St & 6 Ave,0.012276147313767765
293,Lafayette St & E 8 St,0.011872607665412848
3141,1 Ave & E 68 St,0.011817453012262835
529,W 42 St & 8 Ave,0.011728929165970925
250,Lafayette St & Jersey St N,0.011726735510842629
250,Lafayette St & Jersey St,0.011726735510842629
3090,N 8 St & Driggs Ave,0.01171863277616061
3142,1 Ave & E 62 St,0.011717224319750032
223,W 13 St & 7 Ave,0.011707994233717498
442,W 27 St & 7 Ave,0.011707175748104773
153,E 40 St & 5 Ave,0.011703136954858454
334,W 20 St & 7 Ave,0.011686584387896807
536,1 Ave & E 30 St,0.011664922379208093
3303,Butler St & Court St,0.011637572734829594
417,Barclay St & Church St,0.011372713610701182
446,W 24 St & 7 Ave,0.011340185530243834
3263,Cooper Square & Astor Pl,0.011326762699014404
3263,Cooper Square & E 7 St,0.011326762699014404
484,W 44 St & 5 Ave,0.011309285965103466
229,Great Jones St,0.011301900011327071
537,Lexington Ave & E 24 St,0.011257988633761476
324,DeKalb Ave & Hudson Ave,0.011254061765249783
3538,W 110 St & Amsterdam Ave,0.011202389843166542
507,E 25 St & 2 Ave,0.011182216559525877
2012,E 27 St & 1 Ave,0.011163395692260606
382,University Pl & E 14 St,0.011144128285587838
3539,W 116 St & Amsterdam Ave,0.011100832562442183
3258,W 27 St & 10 Ave,0.010753958874970456
3134,3 Ave & E 62 St,0.01074318761420912
345,W 13 St & 6 Ave,0.010741658831239138
472,E 32 St & Park Ave,0.010727408153329532
475,E 15 St & Irving Pl,0.010707883895719991
475,E 16 St & Irving Pl,0.010707883895719991
357,E 11 St & Broadway,0.01066215017340108
485,W 37 St & 5 Ave,0.010638668945550944
3260,Mercer St & Bleecker St,0.010625629751763305
3443,W 52 St & 6 Ave,0.010451153384992574
3345,Madison Ave & E 99 St,0.010448126683536037
440,E 45 St & 3 Ave,0.010446589686116798
533,Broadway & W 38 St,0.010337202874516307
533,Broadway & W 39 St,0.010337202874516307
423,W 54 St & 9 Ave,0.010252227510660045
285,Broadway & E 14 St,0.010246655684063338
362,Broadway & W 37 St,0.010166676212841515
253,W 13 St & 5 Ave,0.010096589914548955
3464,W 37 St & Broadway,0.010076484156853223
3517,31 St & Hoyt Ave N,0.010044642857142858
466,W 25 St & 6 Ave,0.009879907621247113
3296,E 93 St & 2 Ave,0.009873060648801129
496,E 16 St & 5 Ave,0.00985975118467232
167,E 39 St & 3 Ave,0.009828706044459755
3428,8 Ave & W 16 St,0.009784565356251088
3265,E 2 St & 2 Ave E,0.009708239161701254
3265,E 2 St & 2 Ave,0.009708239161701254
3559,21 St & 38 Ave,0.009523809523809525
3615,44 Dr & 21 St,0.00946073793755913
168,W 18 St & 6 Ave,0.009401348023975924
3441,10 Hudson Yards,0.009334889148191364
3431,E 35 St & 3 Ave,0.009216589861751152
359,E 47 St & Park Ave,0.009063392150792831
3376,E 65 St & 2 Ave,0.00904037627512064
3233,E 48 St & 5 Ave,0.009019094951608684
3438,E 76 St & 3 Ave,0.009015305052763994
498,Broadway & W 32 St,0.008888974400908137
3641,Broadway & W 25 St,0.008884859474161379
521,8 Ave & W 31 St N,0.00882085968610916
521,8 Ave & W 31 St,0.00882085968610916
490,8 Ave & W 33 St,0.008775173305305573
523,W 38 St & 8 Ave,0.008736946775043967
3637,Fulton St & Waverly Ave,0.008640552995391706
3223,E 55 St & 3 Ave,0.008524445911015784
505,6 Ave & W 33 St,0.008509208282683284
3236,W 42 St & Dyer Ave,0.008115770945540016
3236,PABT Valet,0.008115770945540016
3463,E 16 St & Irving Pl,0.007829627309740057
477,W 41 St & 8 Ave,0.007775414610239671
492,W 33 St & 7 Ave,0.007573832962845348
517,Pershing Square S,0.007560060999633817
517,E 41 St & Madison Ave,0.007560060999633817
517,Pershing Square South,0.007560060999633817
3429,Hanson Pl & Ashland Pl,0.007457153147045739
379,W 31 St & 7 Ave,0.005433777200625356
3546,Pacific St & Classon Ave,0.005263157894736842
3643,E 41 St & 5 Ave,0.005263157894736842
3647,48 Ave & 30 Pl,0.0045045045045045045
3548,Pacific St & Bedford Ave,0.004470938897168405
3571,Bedford Ave & Bergen St,0.004201680672268907
3450,Penn Station Valet - Valet Scan,0.004191616766467066
3230,Penn Station Valet,0.004134872497228201
