date,sunrise,icon,precip_prob,temperature,humidity,wind_speed,rides
2018-01-30 00:00:00,0,cloudy,0,30.57,0.74,4.87,90
2018-01-30 01:00:00,0,cloudy,0,28.64,0.8,4.32,40
2018-01-30 02:00:00,0,cloudy,0,31.76,0.84,2.71,21
2018-01-30 03:00:00,0,cloudy,0,31.01,0.86,1.78,16
2018-01-30 04:00:00,0,cloudy,0,30.54,0.88,1.61,35
2018-01-30 05:00:00,0,cloudy,0,30.34,0.89,1.07,227
2018-01-30 06:00:00,0,cloudy,0,30.42,0.89,0.85,647
2018-01-30 07:00:00,0,cloudy,0,30.33,0.9,0.95,1269
2018-01-30 08:00:00,1,cloudy,0,30.49,0.9,1.23,2441
2018-01-30 09:00:00,1,cloudy,0,31.25,0.89,1.48,1972
2018-01-30 10:00:00,1,cloudy,0,32.54,0.86,1.37,1191
2018-01-30 11:00:00,1,cloudy,0.28,33.76,0.82,2.34,1100
2018-01-30 12:00:00,1,cloudy,0.44,34.89,0.78,2.79,1277
2018-01-30 13:00:00,1,cloudy,0.5,32.71,0.78,3.39,1354
2018-01-30 14:00:00,1,cloudy,0.47,32.78,0.78,3.46,1408
2018-01-30 15:00:00,1,partly-cloudy,0.37,31.15,0.72,4.71,1639
2018-01-30 16:00:00,1,partly-cloudy,0.21,28.64,0.65,5.85,2081
2018-01-30 17:00:00,1,partly-cloudy,0.06,26.3,0.62,6,3202
2018-01-30 18:00:00,0,cloudy,0,23.75,0.59,6.63,3141
2018-01-30 19:00:00,0,cloudy,0,22.01,0.58,6.86,1953
2018-01-30 20:00:00,0,cloudy,0,20.39,0.57,6.98,1216
2018-01-30 21:00:00,0,partly-cloudy,0,18.97,0.57,7.1,799
2018-01-30 22:00:00,0,partly-cloudy,0,18.36,0.59,6.49,590
2018-01-30 23:00:00,0,partly-cloudy,0,17.2,0.59,6.44,287
2018-01-31 00:00:00,0,clear,0,16.87,0.59,5.83,138
2018-01-31 01:00:00,0,clear,0,15.82,0.59,5.42,61
2018-01-31 02:00:00,0,clear,0,15.27,0.59,4.78,20
2018-01-31 03:00:00,0,clear,0,14.55,0.59,4.57,15
2018-01-31 04:00:00,0,clear,0,12.98,0.6,4.59,48
2018-01-31 05:00:00,0,clear,0,13.23,0.61,3.72,297
2018-01-31 06:00:00,0,clear,0,11.23,0.61,4.64,939
2018-01-31 07:00:00,0,clear,0,12.18,0.62,3.57,1950
2018-01-31 08:00:00,1,clear,0,12.58,0.61,3.66,3476
2018-01-31 09:00:00,1,clear,0,14.84,0.57,3.66,2404
2018-01-31 10:00:00,1,clear,0,22.41,0.53,2.42,1250
2018-01-31 11:00:00,1,clear,0,21.46,0.47,3.16,1067
2018-01-31 12:00:00,1,clear,0,27.72,0.44,2.99,1319
2018-01-31 13:00:00,1,clear,0,29.78,0.4,2.58,1420
2018-01-31 14:00:00,1,clear,0,28.69,0.39,3.06,1487
2018-01-31 15:00:00,1,clear,0,28.47,0.39,3.76,1618
2018-01-31 16:00:00,1,partly-cloudy,0,28.69,0.4,3.24,2035
2018-01-31 17:00:00,1,partly-cloudy,0,27.72,0.43,3.31,3217
2018-01-31 18:00:00,0,partly-cloudy,0,30.31,0.46,2.54,3132
2018-01-31 19:00:00,0,clear,0,26.87,0.5,3.56,2097
2018-01-31 20:00:00,0,partly-cloudy,0,25.59,0.53,5.11,1354
2018-01-31 21:00:00,0,clear,0,25.31,0.53,5.6,904
2018-01-31 22:00:00,0,partly-cloudy,0,26.28,0.58,4.55,663
2018-01-31 23:00:00,0,partly-cloudy,0,27.54,0.59,3.45,365
2018-02-01 00:00:00,0,partly-cloudy,0,31.24,0.6,2.66,184
2018-02-01 01:00:00,0,partly-cloudy,0,31.11,0.62,2.2,88
2018-02-01 02:00:00,0,clear,0,31.32,0.63,2.13,45
2018-02-01 03:00:00,0,clear,0,31.61,0.65,2.11,28
2018-02-01 04:00:00,0,clear,0,32.03,0.67,1.99,39
2018-02-01 05:00:00,0,partly-cloudy,0,32.34,0.68,1.67,295
2018-02-01 06:00:00,0,cloudy,0,32.88,0.68,1.85,1046
2018-02-01 07:00:00,0,cloudy,0,33.27,0.68,1.37,2300
2018-02-01 08:00:00,1,partly-cloudy,0,33.66,0.68,1.64,4080
2018-02-01 09:00:00,1,partly-cloudy,0,34.74,0.68,2.28,2811
2018-02-01 10:00:00,1,partly-cloudy,0,36.42,0.65,2.83,1374
2018-02-01 11:00:00,1,partly-cloudy,0,38.07,0.61,2.88,1345
2018-02-01 12:00:00,1,clear,0,40.02,0.58,2.53,1649
2018-02-01 13:00:00,1,partly-cloudy,0,41.55,0.56,2.38,1595
2018-02-01 14:00:00,1,partly-cloudy,0,42.95,0.54,2.03,1713
2018-02-01 15:00:00,1,partly-cloudy,0,43.27,0.55,2.02,1851
2018-02-01 16:00:00,1,partly-cloudy,0,43.1,0.56,1.15,2356
2018-02-01 17:00:00,1,cloudy,0,42.42,0.59,1.2,3661
2018-02-01 18:00:00,0,cloudy,0,41.82,0.63,0.9,3395
2018-02-01 19:00:00,0,cloudy,0,41.18,0.7,0.33,2187
2018-02-01 20:00:00,0,cloudy,0.24,40.31,0.75,0.08,1448
2018-02-01 21:00:00,0,cloudy,0.19,39.65,0.79,0.02,1147
2018-02-01 22:00:00,0,cloudy,0,39.1,0.81,0.09,660
2018-02-01 23:00:00,0,cloudy,0.48,38.91,0.85,0.05,264
2018-02-02 00:00:00,0,rain,0.9,38.32,0.88,0.15,140
2018-02-02 01:00:00,0,rain,1,37.88,0.89,0.5,46
2018-02-02 02:00:00,0,rain,1,37.09,0.91,2.2,17
2018-02-02 03:00:00,0,rain,1,36.72,0.91,2.12,27
2018-02-02 04:00:00,0,rain,0.89,33.92,0.91,3.41,40
2018-02-02 05:00:00,0,cloudy,0.76,30.2,0.85,5.24,248
2018-02-02 06:00:00,0,cloudy,0.39,25.79,0.76,6.7,854
2018-02-02 07:00:00,0,cloudy,0,22.2,0.69,7.4,1807
2018-02-02 08:00:00,1,partly-cloudy,0,20.41,0.63,7.07,3291
2018-02-02 09:00:00,1,partly-cloudy,0,19.45,0.56,7.06,2457
2018-02-02 10:00:00,1,clear,0,18.22,0.5,9.06,1229
2018-02-02 11:00:00,1,partly-cloudy,0,18.15,0.48,8.8,1167
2018-02-02 12:00:00,1,partly-cloudy,0,17.84,0.48,8.19,1260
2018-02-02 13:00:00,1,partly-cloudy,0,18.32,0.46,7.7,1257
2018-02-02 14:00:00,1,partly-cloudy,0,18.05,0.43,8.35,1317
2018-02-02 15:00:00,1,partly-cloudy,0,17.1,0.43,8.74,1406
2018-02-02 16:00:00,1,partly-cloudy,0,16.44,0.43,8.11,1836
2018-02-02 17:00:00,1,partly-cloudy,0,14.25,0.45,8.48,2609
2018-02-02 18:00:00,0,partly-cloudy,0,12.94,0.44,7.61,2093
2018-02-02 19:00:00,0,partly-cloudy,0,11.62,0.44,7.12,1254
2018-02-02 20:00:00,0,clear,0,9.41,0.46,7.81,777
2018-02-02 21:00:00,0,clear,0,8.66,0.47,7.12,484
2018-02-02 22:00:00,0,clear,0,8.45,0.49,6.05,399
2018-02-02 23:00:00,0,clear,0,7.91,0.5,6.08,298
2018-02-03 00:00:00,0,clear,0,8.15,0.51,5.44,174
2018-02-03 01:00:00,0,clear,0,9.66,0.53,3.98,119
2018-02-03 02:00:00,0,clear,0,9.81,0.54,3.61,72
2018-02-03 03:00:00,0,clear,0,15.55,0.55,2.93,56
2018-02-03 04:00:00,0,clear,0,15.63,0.56,2.9,34
2018-02-03 05:00:00,0,clear,0,15.81,0.56,2.05,46
2018-02-03 06:00:00,0,clear,0,15.87,0.57,1.71,122
2018-02-03 07:00:00,0,clear,0,16.09,0.57,2.1,333
2018-02-03 08:00:00,1,clear,0,11.97,0.57,3.52,585
2018-02-03 09:00:00,1,clear,0,13.46,0.53,4.67,913
2018-02-03 10:00:00,1,clear,0,16.16,0.5,5.07,1220
2018-02-03 11:00:00,1,partly-cloudy,0,18.88,0.47,4.87,1418
2018-02-03 12:00:00,1,partly-cloudy,0,20.74,0.46,4.65,1581
2018-02-03 13:00:00,1,partly-cloudy,0,22.7,0.44,4.69,1625
2018-02-03 14:00:00,1,clear,0,24.52,0.42,4.67,1547
2018-02-03 15:00:00,1,clear,0,25.56,0.41,4.66,1609
2018-02-03 16:00:00,1,clear,0,26,0.41,4.32,1547
2018-02-03 17:00:00,1,clear,0,25.89,0.43,3.81,1369
2018-02-03 18:00:00,0,clear,0,25.31,0.46,3.57,1107
2018-02-03 19:00:00,0,clear,0,24.49,0.48,4.03,946
2018-02-03 20:00:00,0,clear,0,23.54,0.49,4.55,679
2018-02-03 21:00:00,0,partly-cloudy,0,23.15,0.52,4.59,509
2018-02-03 22:00:00,0,partly-cloudy,0,23.67,0.52,4.14,475
2018-02-03 23:00:00,0,cloudy,0,24.69,0.52,3.78,299
2018-02-04 00:00:00,0,cloudy,0,24.59,0.53,4.18,260
2018-02-04 01:00:00,0,cloudy,0,25.83,0.54,3.35,163
2018-02-04 02:00:00,0,cloudy,0,29.74,0.54,2.67,101
2018-02-04 03:00:00,0,cloudy,0,30.06,0.55,2.44,66
2018-02-04 04:00:00,0,cloudy,0,26.98,0.57,3.47,32
2018-02-04 05:00:00,0,cloudy,0,27.83,0.59,3.17,29
2018-02-04 06:00:00,0,cloudy,0,31.45,0.61,2.46,88
2018-02-04 07:00:00,0,cloudy,0,32.13,0.62,2.21,249
2018-02-04 08:00:00,1,cloudy,0,33.39,0.63,2,629
2018-02-04 09:00:00,1,cloudy,0,34.85,0.61,1.91,1011
2018-02-04 10:00:00,1,cloudy,0,36.15,0.59,1.91,1404
2018-02-04 11:00:00,1,cloudy,0,38.83,0.56,2.12,1726
2018-02-04 12:00:00,1,cloudy,0,39.87,0.57,1.4,1577
2018-02-04 13:00:00,1,cloudy,0,38.93,0.69,0.54,1298
2018-02-04 14:00:00,1,cloudy,0.06,38.83,0.73,0.19,1397
2018-02-04 15:00:00,1,cloudy,0,38.84,0.77,0.58,1227
2018-02-04 16:00:00,1,cloudy,0.51,38.21,0.83,0.87,970
2018-02-04 17:00:00,1,cloudy,0.88,38.39,0.87,0.72,515
2018-02-04 18:00:00,0,rain,1,39.48,0.89,0.65,338
2018-02-04 19:00:00,0,rain,1,40.51,0.92,0.64,155
2018-02-04 20:00:00,0,rain,1,41.08,0.94,0.9,104
2018-02-04 21:00:00,0,rain,1,41.34,0.94,0.45,80
2018-02-04 22:00:00,0,rain,1,40.72,0.96,0.59,303
2018-02-04 23:00:00,0,rain,1,40.17,0.95,1.68,237
2018-02-05 00:00:00,0,rain,0.92,39.76,0.95,2.16,126
2018-02-05 01:00:00,0,cloudy,0.53,38.67,0.93,1.24,52
2018-02-05 02:00:00,0,partly-cloudy,0.1,37.62,0.93,2.31,18
2018-02-05 03:00:00,0,partly-cloudy,0,34.78,0.91,3.32,29
2018-02-05 04:00:00,0,partly-cloudy,0,36.46,0.91,2.73,35
2018-02-05 05:00:00,0,partly-cloudy,0,35.99,0.9,2.68,280
2018-02-05 06:00:00,0,partly-cloudy,0,36.24,0.89,2.63,885
2018-02-05 07:00:00,0,partly-cloudy,0,36.48,0.87,2.23,2055
2018-02-05 08:00:00,1,partly-cloudy,0,32.94,0.84,4.62,3067
2018-02-05 09:00:00,1,partly-cloudy,0,27.14,0.7,8.07,2294
2018-02-05 10:00:00,1,clear,0.09,23.75,0.62,9.2,1100
2018-02-05 11:00:00,1,clear,0,22.56,0.56,9.5,973
2018-02-05 12:00:00,1,clear,0,23.59,0.49,7.89,1147
2018-02-05 13:00:00,1,clear,0,23.7,0.46,8.17,1187
2018-02-05 14:00:00,1,clear,0,24.92,0.43,7.35,1253
2018-02-05 15:00:00,1,clear,0,26.41,0.42,5.89,1411
2018-02-05 16:00:00,1,clear,0,26.32,0.41,5.5,1850
2018-02-05 17:00:00,1,clear,0,25.7,0.42,4.68,3161
2018-02-05 18:00:00,0,clear,0,25.78,0.45,3.2,3203
2018-02-05 19:00:00,0,clear,0,24.77,0.47,3.16,1950
2018-02-05 20:00:00,0,clear,0,27.33,0.49,1.71,1266
2018-02-05 21:00:00,0,clear,0,26.3,0.52,1.31,881
2018-02-05 22:00:00,0,clear,0,25.14,0.54,0.61,540
2018-02-05 23:00:00,0,clear,0,24,0.59,0.1,305
2018-02-06 00:00:00,0,clear,0,23.3,0.62,0.19,130
2018-02-06 01:00:00,0,clear,0,23.29,0.64,0.1,60
2018-02-06 02:00:00,0,clear,0,24.21,0.65,0.01,31
2018-02-06 03:00:00,0,clear,0,24.77,0.65,0.01,14
2018-02-06 04:00:00,0,clear,0,25.39,0.63,0.07,55
2018-02-06 05:00:00,0,clear,0,25.74,0.64,0.17,318
2018-02-06 06:00:00,0,partly-cloudy,0,26.2,0.65,0.58,1117
2018-02-06 07:00:00,0,partly-cloudy,0,27.11,0.64,0.73,2415
2018-02-06 08:00:00,1,partly-cloudy,0,27.79,0.63,0.56,3955
2018-02-06 09:00:00,1,cloudy,0,28.61,0.61,0.5,2570
2018-02-06 10:00:00,1,cloudy,0,29.58,0.59,0.24,1243
2018-02-06 11:00:00,1,cloudy,0,31.39,0.55,0.45,1155
2018-02-06 12:00:00,1,cloudy,0,33.43,0.54,0.81,1285
2018-02-06 13:00:00,1,cloudy,0,35.2,0.55,1.05,1356
2018-02-06 14:00:00,1,cloudy,0,35.56,0.57,1.69,1499
2018-02-06 15:00:00,1,cloudy,0,36.3,0.57,1.74,1655
2018-02-06 16:00:00,1,cloudy,0,36.41,0.57,1.84,2083
2018-02-06 17:00:00,1,partly-cloudy,0,35.62,0.58,0.85,3599
2018-02-06 18:00:00,0,partly-cloudy,0,33.58,0.62,0.45,3533
2018-02-06 19:00:00,0,clear,0,31.89,0.66,0.5,2267
2018-02-06 20:00:00,0,clear,0,30.96,0.68,0.65,1521
2018-02-06 21:00:00,0,clear,0,30.15,0.7,0.39,1094
2018-02-06 22:00:00,0,clear,0,29.35,0.71,0.23,734
2018-02-06 23:00:00,0,clear,0,28.6,0.73,0.04,413
2018-02-07 00:00:00,0,clear,0,28.26,0.73,0.47,178
2018-02-07 01:00:00,0,clear,0,27.65,0.75,0.93,79
2018-02-07 02:00:00,0,clear,0,28.25,0.73,1.45,43
2018-02-07 03:00:00,0,clear,0,28.93,0.72,1.83,24
2018-02-07 04:00:00,0,clear,0,29.03,0.71,1.98,40
2018-02-07 05:00:00,0,clear,0,29.1,0.69,2.13,316
2018-02-07 06:00:00,0,partly-cloudy,0,29.28,0.68,2.95,1027
2018-02-07 07:00:00,0,cloudy,0,26.16,0.68,3.68,2165
2018-02-07 08:00:00,1,cloudy,0,26.65,0.73,3.67,2519
2018-02-07 09:00:00,1,cloudy,0,27.46,0.81,3.03,1013
2018-02-07 10:00:00,1,cloudy,0.11,30.22,0.87,2.89,427
2018-02-07 11:00:00,1,cloudy,0.24,30.99,0.88,2.37,365
2018-02-07 12:00:00,1,cloudy,0.36,31.93,0.9,1.51,319
2018-02-07 13:00:00,1,cloudy,0.61,32.67,0.91,1.16,255
2018-02-07 14:00:00,1,rain,0.84,33.45,0.92,1.25,286
2018-02-07 15:00:00,1,rain,0.83,34.19,0.92,1.1,375
2018-02-07 16:00:00,1,rain,0.91,36.01,0.92,1.26,498
2018-02-07 17:00:00,1,rain,0.93,39.51,0.93,1.32,743
2018-02-07 18:00:00,0,rain,0.93,40.94,0.94,2.09,1068
2018-02-07 19:00:00,0,rain,0.95,38.82,0.92,3.88,1244
2018-02-07 20:00:00,0,rain,0.94,37.49,0.91,3.27,742
2018-02-07 21:00:00,0,rain,0.93,36.75,0.91,3.07,648
2018-02-07 22:00:00,0,cloudy,0.75,33.24,0.85,5.66,576
2018-02-07 23:00:00,0,partly-cloudy,0.41,29.38,0.78,6.87,339
2018-02-08 00:00:00,0,partly-cloudy,0.07,26.22,0.73,7.32,153
2018-02-08 01:00:00,0,partly-cloudy,0,25.05,0.7,7.47,84
2018-02-08 02:00:00,0,partly-cloudy,0,25.03,0.67,6.16,29
2018-02-08 03:00:00,0,partly-cloudy,0,23.7,0.66,5.72,17
2018-02-08 04:00:00,0,clear,0,22.74,0.66,5.39,41
2018-02-08 05:00:00,0,partly-cloudy,0,21.55,0.67,5.24,310
2018-02-08 06:00:00,0,partly-cloudy,0,21.54,0.67,4.31,940
2018-02-08 07:00:00,1,partly-cloudy,0,21.36,0.66,3.6,1985
2018-02-08 08:00:00,1,partly-cloudy,0,25.41,0.66,2.94,3527
2018-02-08 09:00:00,1,clear,0,22.39,0.63,4.14,2392
2018-02-08 10:00:00,1,clear,0,24.4,0.59,3.93,1289
2018-02-08 11:00:00,1,partly-cloudy,0,25.24,0.57,4.12,1145
2018-02-08 12:00:00,1,partly-cloudy,0,27.35,0.56,3.31,1388
2018-02-08 13:00:00,1,partly-cloudy,0.09,26.94,0.54,4.24,1341
2018-02-08 14:00:00,1,partly-cloudy,0,28,0.53,3.77,1512
2018-02-08 15:00:00,1,partly-cloudy,0,28.41,0.52,3.54,1622
2018-02-08 16:00:00,1,partly-cloudy,0,28.66,0.51,3.32,2013
2018-02-08 17:00:00,1,partly-cloudy,0,30.8,0.53,2.88,3325
2018-02-08 18:00:00,0,partly-cloudy,0,29.64,0.56,2.73,3061
2018-02-08 19:00:00,0,partly-cloudy,0,28.82,0.57,2.32,2019
2018-02-08 20:00:00,0,partly-cloudy,0,27.82,0.58,1.59,1375
2018-02-08 21:00:00,0,clear,0,27.01,0.6,1.06,939
2018-02-08 22:00:00,0,clear,0,26.35,0.61,1.53,671
2018-02-08 23:00:00,0,clear,0,26.2,0.62,1.63,386
2018-02-09 00:00:00,0,clear,0,25.72,0.63,1.62,157
2018-02-09 01:00:00,0,clear,0,25.47,0.64,1.7,75
2018-02-09 02:00:00,0,clear,0,25.11,0.65,1.95,39
2018-02-09 03:00:00,0,clear,0,25.09,0.66,1.56,36
2018-02-09 04:00:00,0,partly-cloudy,0,24.54,0.67,0.38,58
2018-02-09 05:00:00,0,clear,0,23.58,0.69,0.29,259
2018-02-09 06:00:00,0,clear,0,22.41,0.72,0.07,924
2018-02-09 07:00:00,1,clear,0,22.59,0.73,0.23,1969
2018-02-09 08:00:00,1,partly-cloudy,0,24.14,0.74,0.41,3569
2018-02-09 09:00:00,1,partly-cloudy,0,27.45,0.66,0.36,2474
2018-02-09 10:00:00,1,cloudy,0,28.69,0.61,0.56,1267
2018-02-09 11:00:00,1,partly-cloudy,0,31.31,0.57,2.45,1250
2018-02-09 12:00:00,1,partly-cloudy,0,29.21,0.54,3.45,1423
2018-02-09 13:00:00,1,cloudy,0,30.11,0.55,3.25,1563
2018-02-09 14:00:00,1,cloudy,0,33.28,0.56,2.94,1584
2018-02-09 15:00:00,1,cloudy,0,29.89,0.59,3.68,1779
2018-02-09 16:00:00,1,cloudy,0,33.54,0.61,2.95,2237
2018-02-09 17:00:00,1,cloudy,0,33.74,0.64,2.88,3309
2018-02-09 18:00:00,0,partly-cloudy,0,31.36,0.68,3.14,2691
2018-02-09 19:00:00,0,partly-cloudy,0,34.25,0.7,2.75,1788
2018-02-09 20:00:00,0,partly-cloudy,0,34.58,0.72,2.21,1178
2018-02-09 21:00:00,0,partly-cloudy,0,34.92,0.74,1.45,796
2018-02-09 22:00:00,0,partly-cloudy,0,35.29,0.77,0.89,633
2018-02-09 23:00:00,0,clear,0,35.22,0.8,0.56,509
2018-02-10 00:00:00,0,clear,0,35.1,0.82,0.57,347
2018-02-10 01:00:00,0,partly-cloudy,0,35.24,0.84,0.34,226
2018-02-10 02:00:00,0,partly-cloudy,0,35.4,0.85,0.17,153
2018-02-10 03:00:00,0,partly-cloudy,0,35.55,0.85,0.07,88
2018-02-10 04:00:00,0,cloudy,0,35.83,0.85,0.09,69
2018-02-10 05:00:00,0,cloudy,0,35.98,0.85,0.02,81
2018-02-10 06:00:00,0,cloudy,0,35.94,0.86,0.02,188
2018-02-10 07:00:00,1,partly-cloudy,0,35.74,0.86,0.08,454
2018-02-10 08:00:00,1,partly-cloudy,0,36.71,0.88,0.02,951
2018-02-10 09:00:00,1,partly-cloudy,0.1,40.29,0.85,0.21,1508
2018-02-10 10:00:00,1,partly-cloudy,0.1,43.04,0.84,0.29,1919
2018-02-10 11:00:00,1,partly-cloudy,0.15,45.32,0.81,0.54,2305
2018-02-10 12:00:00,1,cloudy,0.14,45.91,0.82,0.23,1725
2018-02-10 13:00:00,1,cloudy,0.34,45.83,0.84,0.34,1079
2018-02-10 14:00:00,1,cloudy,0.63,44.85,0.89,0.16,564
2018-02-10 15:00:00,1,rain,0.95,44.31,0.91,0.18,586
2018-02-10 16:00:00,1,rain,1,44.23,0.92,0.02,1038
2018-02-10 17:00:00,1,rain,0.81,43.8,0.93,0.14,1139
2018-02-10 18:00:00,0,cloudy,0.58,43.29,0.92,0.14,705
2018-02-10 19:00:00,0,rain,0.9,43.3,0.93,0.33,263
2018-02-10 20:00:00,0,rain,1,43.24,0.94,0.43,217
2018-02-10 21:00:00,0,rain,0.99,43.69,0.93,0.19,190
2018-02-10 22:00:00,0,rain,0.96,44.09,0.94,0.18,276
2018-02-10 23:00:00,0,rain,0.82,43.93,0.94,0.15,253
2018-02-11 00:00:00,0,fog,0.82,44.2,0.94,0.19,125
2018-02-11 01:00:00,0,rain,0.96,44.04,0.95,0.11,95
2018-02-11 02:00:00,0,rain,1,44.32,0.96,0.25,73
2018-02-11 03:00:00,0,rain,1,44.34,0.94,0.08,47
2018-02-11 04:00:00,0,rain,0.97,44.35,0.95,0.02,29
2018-02-11 05:00:00,0,rain,1,43.82,0.96,0,21
2018-02-11 06:00:00,0,rain,0.99,43.76,0.96,0,45
2018-02-11 07:00:00,1,rain,0.99,43.69,0.96,0,109
2018-02-11 08:00:00,1,rain,1,43.7,0.96,0.37,193
2018-02-11 09:00:00,1,rain,1,44.3,0.96,0.61,248
2018-02-11 10:00:00,1,rain,1,44.86,0.96,1.06,439
2018-02-11 11:00:00,1,rain,1,45.78,0.95,0.82,471
2018-02-11 12:00:00,1,rain,1,46.23,0.96,1.3,471
2018-02-11 13:00:00,1,rain,0.96,46.73,0.95,1.2,260
2018-02-11 14:00:00,1,rain,1,47.68,0.95,0.69,452
2018-02-11 15:00:00,1,rain,0.98,48.39,0.96,1.41,632
2018-02-11 16:00:00,1,rain,0.92,51.44,0.95,2.37,731
2018-02-11 17:00:00,1,rain,0.84,52.07,0.94,1.5,668
2018-02-11 18:00:00,0,cloudy,0.7,51.23,0.95,1.42,920
2018-02-11 19:00:00,0,cloudy,0.39,52.3,0.94,1.28,760
2018-02-11 20:00:00,0,cloudy,0.41,52.51,0.94,1.72,660
2018-02-11 21:00:00,0,cloudy,0.46,52.25,0.95,1.2,583
2018-02-11 22:00:00,0,cloudy,0.42,51.92,0.96,0.79,460
2018-02-11 23:00:00,0,cloudy,0.09,52.5,0.96,0.98,317
2018-02-12 00:00:00,0,cloudy,0,53.71,0.95,1.46,168
2018-02-12 01:00:00,0,cloudy,0,56.19,0.93,1.6,79
2018-02-12 02:00:00,0,partly-cloudy,0,58.11,0.92,2.8,46
2018-02-12 03:00:00,0,partly-cloudy,0,56.65,0.9,2.5,30
2018-02-12 04:00:00,0,partly-cloudy,0,54.97,0.85,3.99,66
2018-02-12 05:00:00,0,cloudy,0,51.03,0.84,4.31,348
2018-02-12 06:00:00,0,cloudy,0,43.56,0.81,5.51,1116
2018-02-12 07:00:00,1,cloudy,0,39.33,0.77,6.23,2351
2018-02-12 08:00:00,1,cloudy,0,37.66,0.76,5.43,3865
2018-02-12 09:00:00,1,cloudy,0,37.08,0.75,5.35,2406
2018-02-12 10:00:00,1,cloudy,0,37.09,0.75,4.95,1186
2018-02-12 11:00:00,1,cloudy,0,36.37,0.71,5.3,1192
2018-02-12 12:00:00,1,cloudy,0,35.64,0.66,5.88,1515
2018-02-12 13:00:00,1,partly-cloudy,0,37.47,0.61,4.3,1523
2018-02-12 14:00:00,1,partly-cloudy,0,38.97,0.56,5.01,1648
2018-02-12 15:00:00,1,clear,0,40.88,0.49,5,1755
2018-02-12 16:00:00,1,clear,0,41.65,0.45,4.23,2365
2018-02-12 17:00:00,1,clear,0,41.21,0.42,3.87,3850
2018-02-12 18:00:00,0,clear,0,40.9,0.41,2.92,3696
2018-02-12 19:00:00,0,clear,0,39.28,0.4,2.57,2408
2018-02-12 20:00:00,0,clear,0,34.93,0.4,3.95,1550
2018-02-12 21:00:00,0,clear,0,32.78,0.41,4.29,1024
2018-02-12 22:00:00,0,clear,0,30.57,0.44,4.47,641
2018-02-12 23:00:00,0,clear,0,28.73,0.47,4.59,311
2018-02-13 00:00:00,0,clear,0,27.99,0.52,3.85,156
2018-02-13 01:00:00,0,clear,0,26.44,0.55,4.01,66
2018-02-13 02:00:00,0,clear,0,25.11,0.59,4.1,25
2018-02-13 03:00:00,0,clear,0,24.52,0.61,3.59,27
2018-02-13 04:00:00,0,clear,0,22.63,0.61,4.32,45
2018-02-13 05:00:00,0,clear,0,22.54,0.61,3.71,303
2018-02-13 06:00:00,0,clear,0,20.9,0.61,4.4,1079
2018-02-13 07:00:00,1,clear,0,21.05,0.61,3.69,2313
2018-02-13 08:00:00,1,clear,0,21.48,0.59,3.96,4033
2018-02-13 09:00:00,1,clear,0,23.12,0.55,4.08,2622
2018-02-13 10:00:00,1,clear,0,29.8,0.51,2.63,1372
2018-02-13 11:00:00,1,clear,0,31.64,0.47,2.08,1201
2018-02-13 12:00:00,1,clear,0,33.55,0.44,1.77,1515
2018-02-13 13:00:00,1,clear,0,34.89,0.41,1.75,1603
2018-02-13 14:00:00,1,clear,0,36,0.39,1.24,1633
2018-02-13 15:00:00,1,clear,0,36.37,0.41,2.26,1761
2018-02-13 16:00:00,1,clear,0,35.44,0.44,2.62,2224
2018-02-13 17:00:00,1,clear,0,33.99,0.48,2.91,3661
2018-02-13 18:00:00,0,clear,0,32.04,0.55,2.57,3475
2018-02-13 19:00:00,0,clear,0,31.39,0.64,1.54,2279
2018-02-13 20:00:00,0,partly-cloudy,0,31.88,0.69,0.72,1545
2018-02-13 21:00:00,0,cloudy,0,32.44,0.71,0.4,1100
2018-02-13 22:00:00,0,cloudy,0,32.74,0.72,0.31,699
2018-02-13 23:00:00,0,cloudy,0,32.85,0.73,0.23,452
2018-02-14 00:00:00,0,cloudy,0,33.06,0.74,0.34,190
2018-02-14 01:00:00,0,cloudy,0,33.19,0.76,0.11,77
2018-02-14 02:00:00,0,cloudy,0,33.41,0.77,0.3,44
2018-02-14 03:00:00,0,cloudy,0,33.58,0.78,0.41,30
2018-02-14 04:00:00,0,cloudy,0,33.79,0.8,0.62,43
2018-02-14 05:00:00,0,cloudy,0.27,33.92,0.83,0.83,308
2018-02-14 06:00:00,0,cloudy,0.15,34.05,0.83,0.4,1157
2018-02-14 07:00:00,1,cloudy,0,34.55,0.82,0.98,2440
2018-02-14 08:00:00,1,cloudy,0,35.35,0.81,1.22,4242
2018-02-14 09:00:00,1,cloudy,0,36.54,0.79,2.48,2957
2018-02-14 10:00:00,1,cloudy,0,38.72,0.74,2.92,1626
2018-02-14 11:00:00,1,partly-cloudy,0,39.85,0.68,3.32,1496
2018-02-14 12:00:00,1,partly-cloudy,0,43.34,0.64,3.56,1807
2018-02-14 13:00:00,1,partly-cloudy,0,47.8,0.6,2.88,1864
2018-02-14 14:00:00,1,partly-cloudy,0,49.32,0.59,2.64,1991
2018-02-14 15:00:00,1,partly-cloudy,0,51.22,0.58,2.64,2210
2018-02-14 16:00:00,1,partly-cloudy,0,51.56,0.59,2.88,2761
2018-02-14 17:00:00,1,partly-cloudy,0,50.63,0.62,2.38,4603
2018-02-14 18:00:00,0,partly-cloudy,0,49.49,0.65,1.98,4109
2018-02-14 19:00:00,0,partly-cloudy,0,47.67,0.7,1.11,2446
2018-02-14 20:00:00,0,partly-cloudy,0,46.16,0.73,0.94,1475
2018-02-14 21:00:00,0,partly-cloudy,0,46.12,0.74,1.06,987
2018-02-14 22:00:00,0,cloudy,0,46.87,0.73,0.95,554
2018-02-14 23:00:00,0,cloudy,0.45,46.26,0.8,0.95,174
2018-02-15 00:00:00,0,rain,0.96,45.22,0.87,1.16,160
2018-02-15 01:00:00,0,rain,0.8,44.79,0.89,1.1,83
2018-02-15 02:00:00,0,cloudy,0.51,44.62,0.9,0.82,41
2018-02-15 03:00:00,0,cloudy,0.89,44.36,0.91,0.37,27
2018-02-15 04:00:00,0,cloudy,0.76,44.08,0.92,0.38,53
2018-02-15 05:00:00,0,cloudy,0,44.02,0.93,0.45,332
2018-02-15 06:00:00,0,cloudy,0,43.92,0.93,0.32,1180
2018-02-15 07:00:00,1,cloudy,0,43.74,0.93,0.64,2760
2018-02-15 08:00:00,1,cloudy,0,44.6,0.93,1.1,4927
2018-02-15 09:00:00,1,cloudy,0,45.97,0.93,1.16,3299
2018-02-15 10:00:00,1,cloudy,0,47.48,0.92,1.6,1808
2018-02-15 11:00:00,1,cloudy,0,49.44,0.89,1.65,1652
2018-02-15 12:00:00,1,cloudy,0,51.45,0.87,2.8,2010
2018-02-15 13:00:00,1,cloudy,0,52.97,0.85,2.25,2010
2018-02-15 14:00:00,1,partly-cloudy,0,54.68,0.83,2.15,2200
2018-02-15 15:00:00,1,partly-cloudy,0,56.61,0.8,1.87,2429
2018-02-15 16:00:00,1,clear,0,57.07,0.8,1.55,3001
2018-02-15 17:00:00,1,partly-cloudy,0,57.76,0.79,0.72,4838
2018-02-15 18:00:00,0,partly-cloudy,0,54.85,0.83,0.24,4447
2018-02-15 19:00:00,0,partly-cloudy,0,54.11,0.84,0.6,3038
2018-02-15 20:00:00,0,partly-cloudy,0,53.99,0.84,0.47,2116
2018-02-15 21:00:00,0,partly-cloudy,0,53.95,0.86,0.65,1014
2018-02-15 22:00:00,0,cloudy,0.71,53.7,0.9,0.75,487
2018-02-15 23:00:00,0,rain,0.92,53.82,0.92,0.92,281
2018-02-16 00:00:00,0,rain,0.93,54.11,0.93,0.65,188
2018-02-16 01:00:00,0,rain,0.88,53.66,0.94,0.57,109
2018-02-16 02:00:00,0,cloudy,0.74,53.92,0.95,1.1,59
2018-02-16 03:00:00,0,cloudy,0.79,54.39,0.95,0.87,39
2018-02-16 04:00:00,0,cloudy,0.76,54.75,0.95,0.94,47
2018-02-16 05:00:00,0,cloudy,0.78,54.9,0.96,0.4,210
2018-02-16 06:00:00,0,cloudy,0.68,55.15,0.95,0.93,623
2018-02-16 07:00:00,1,cloudy,0.69,53.82,0.92,1.49,1133
2018-02-16 08:00:00,1,cloudy,0.77,52.75,0.91,0.77,2907
2018-02-16 09:00:00,1,partly-cloudy,0.55,52.93,0.91,0.43,2828
2018-02-16 10:00:00,1,partly-cloudy,0.06,53.74,0.89,1.75,1771
2018-02-16 11:00:00,1,partly-cloudy,0,54.97,0.86,2.8,1635
2018-02-16 12:00:00,1,partly-cloudy,0,56.65,0.81,2.83,1996
2018-02-16 13:00:00,1,partly-cloudy,0,57.61,0.77,3.86,2043
2018-02-16 14:00:00,1,cloudy,0,57.6,0.69,4.59,1675
2018-02-16 15:00:00,1,cloudy,0.45,53.58,0.77,5.06,1069
2018-02-16 16:00:00,1,rain,0.87,50.5,0.82,4.8,1162
2018-02-16 17:00:00,1,cloudy,0.72,43.82,0.79,6.09,2698
2018-02-16 18:00:00,0,partly-cloudy,0.47,40.87,0.69,7.14,2642
2018-02-16 19:00:00,0,partly-cloudy,0,38.71,0.65,7.28,1641
2018-02-16 20:00:00,0,partly-cloudy,0,36.82,0.6,7.51,1040
2018-02-16 21:00:00,0,clear,0,35.68,0.56,6.03,719
2018-02-16 22:00:00,0,clear,0,34.11,0.54,5.57,547
2018-02-16 23:00:00,0,clear,0,32.73,0.51,4.85,410
2018-02-17 00:00:00,0,clear,0,30.48,0.49,5.4,264
2018-02-17 01:00:00,0,clear,0,29.12,0.51,4.92,186
2018-02-17 02:00:00,0,clear,0,28.2,0.53,4.37,97
2018-02-17 03:00:00,0,clear,0,27.27,0.56,3.84,64
2018-02-17 04:00:00,0,clear,0,26.32,0.58,3.68,42
2018-02-17 05:00:00,0,clear,0,29.18,0.6,1.66,55
2018-02-17 06:00:00,0,clear,0,28.42,0.62,1,160
2018-02-17 07:00:00,1,clear,0,27.47,0.65,0.48,364
2018-02-17 08:00:00,1,clear,0,29.27,0.63,1.02,733
2018-02-17 09:00:00,1,clear,0,31.7,0.59,2.09,1138
2018-02-17 10:00:00,1,clear,0,30.83,0.56,3.32,1467
2018-02-17 11:00:00,1,clear,0,35.9,0.53,2.71,1788
2018-02-17 12:00:00,1,clear,0,35.3,0.51,3.41,2139
2018-02-17 13:00:00,1,clear,0,35.05,0.53,3.87,1962
2018-02-17 14:00:00,1,partly-cloudy,0,33.77,0.58,3.86,1827
2018-02-17 15:00:00,1,cloudy,0,34.21,0.61,3.02,1796
2018-02-17 16:00:00,1,partly-cloudy,0,33.35,0.63,3.47,1559
2018-02-17 17:00:00,1,cloudy,0,36.18,0.67,1.73,1009
2018-02-17 18:00:00,0,cloudy,0,34.81,0.8,1.03,526
2018-02-17 19:00:00,0,fog,0.12,33.36,0.88,0.45,263
2018-02-17 20:00:00,0,fog,0.2,32.94,0.91,0.53,153
2018-02-17 21:00:00,0,fog,0.13,32.79,0.92,0.45,110
2018-02-17 22:00:00,0,fog,0.1,33.06,0.92,0.28,112
2018-02-17 23:00:00,0,fog,0.16,32.97,0.93,0.03,107
2018-02-18 00:00:00,0,cloudy,0.18,32.96,0.93,0.15,85
2018-02-18 01:00:00,0,cloudy,0.2,32.99,0.94,0.03,97
2018-02-18 02:00:00,0,cloudy,0,33.1,0.93,0.31,59
2018-02-18 03:00:00,0,cloudy,0.05,33.22,0.93,0.77,50
2018-02-18 04:00:00,0,cloudy,0.06,33.4,0.93,1.81,27
2018-02-18 05:00:00,0,partly-cloudy,0,33.42,0.92,2.48,44
2018-02-18 06:00:00,0,partly-cloudy,0,31.02,0.9,3.08,68
2018-02-18 07:00:00,1,clear,0,30.64,0.85,3.61,190
2018-02-18 08:00:00,1,clear,0.13,30.39,0.78,4.99,440
2018-02-18 09:00:00,1,clear,0.25,31.35,0.7,6.18,702
2018-02-18 10:00:00,1,clear,0.44,33.95,0.62,5.64,1120
2018-02-18 11:00:00,1,rain,0.61,36.45,0.57,5.27,1468
2018-02-18 12:00:00,1,rain,0.7,39.47,0.53,4.33,1785
2018-02-18 13:00:00,1,rain,0.77,40.8,0.52,4.28,2156
2018-02-18 14:00:00,1,rain,0.74,41.66,0.5,4.44,2061
2018-02-18 15:00:00,1,rain,0.65,42.48,0.49,3.82,2182
2018-02-18 16:00:00,1,clear,0.42,42.73,0.49,3.38,2195
2018-02-18 17:00:00,1,clear,0.18,43.12,0.51,2.97,1944
2018-02-18 18:00:00,0,clear,0.15,40.62,0.56,0.6,1406
2018-02-18 19:00:00,0,clear,0,38.21,0.62,0.18,1083
2018-02-18 20:00:00,0,clear,0,36.31,0.66,0.05,811
2018-02-18 21:00:00,0,clear,0,34.77,0.69,0.09,651
2018-02-18 22:00:00,0,clear,0,33.28,0.73,0.04,499
2018-02-18 23:00:00,0,clear,0,32.38,0.75,0.14,415
2018-02-19 00:00:00,0,clear,0,31.66,0.77,0.21,244
2018-02-19 01:00:00,0,clear,0,30.87,0.79,0.29,118
2018-02-19 02:00:00,0,clear,0,31.72,0.78,0.48,69
2018-02-19 03:00:00,0,clear,0,32.1,0.8,0.47,54
2018-02-19 04:00:00,0,clear,0,32.45,0.82,0.32,37
2018-02-19 05:00:00,0,clear,0,32.75,0.83,0.35,115
2018-02-19 06:00:00,0,clear,0,32.27,0.84,0.21,330
2018-02-19 07:00:00,1,clear,0,32.24,0.86,0.16,680
2018-02-19 08:00:00,1,partly-cloudy,0,34.83,0.86,0.3,1488
2018-02-19 09:00:00,1,partly-cloudy,0,40.12,0.79,0.93,1565
2018-02-19 10:00:00,1,clear,0.1,43.97,0.72,2.66,1674
2018-02-19 11:00:00,1,partly-cloudy,0.15,44.28,0.7,3.4,1931
2018-02-19 12:00:00,1,cloudy,0.06,45.34,0.71,3.11,2044
2018-02-19 13:00:00,1,cloudy,0,46.52,0.73,1.9,2124
2018-02-19 14:00:00,1,cloudy,0,46.75,0.74,2.36,2133
2018-02-19 15:00:00,1,cloudy,0,47.2,0.75,1.55,2231
2018-02-19 16:00:00,1,cloudy,0,46.82,0.79,1.44,2118
2018-02-19 17:00:00,1,cloudy,0.11,45.67,0.86,0.97,1838
2018-02-19 18:00:00,0,cloudy,0.41,45.04,0.9,0.68,1411
2018-02-19 19:00:00,0,cloudy,0.6,44.66,0.92,0.67,1111
2018-02-19 20:00:00,0,cloudy,0.72,44.67,0.93,0.61,746
2018-02-19 21:00:00,0,rain,0.81,44.55,0.93,0.19,733
2018-02-19 22:00:00,0,fog,0.51,44.57,0.93,0.14,533
2018-02-19 23:00:00,0,fog,0.15,44.48,0.94,0.12,350
2018-02-20 00:00:00,0,fog,0.13,44.47,0.94,0.38,161
2018-02-20 01:00:00,0,fog,0,44.61,0.95,0.46,85
2018-02-20 02:00:00,0,fog,0,45.27,0.95,0.73,53
2018-02-20 03:00:00,0,cloudy,0,46.44,0.94,1.11,22
2018-02-20 04:00:00,0,cloudy,0,46.92,0.95,1.4,59
2018-02-20 05:00:00,0,cloudy,0,47.06,0.95,1.03,315
2018-02-20 06:00:00,0,fog,0,47.65,0.95,1.17,1016
2018-02-20 07:00:00,1,fog,0,48,0.96,1.12,2180
2018-02-20 08:00:00,1,fog,0,49.23,0.96,2.77,3884
2018-02-20 09:00:00,1,cloudy,0,50.45,0.95,3.31,2894
2018-02-20 10:00:00,1,cloudy,0,51.85,0.94,3.34,1550
2018-02-20 11:00:00,1,cloudy,0,53.57,0.92,3.87,1431
2018-02-20 12:00:00,1,partly-cloudy,0,56.75,0.87,4.13,1837
2018-02-20 13:00:00,1,partly-cloudy,0,60.57,0.79,4.21,2050
2018-02-20 14:00:00,1,clear,0,63.92,0.72,3.51,2211
2018-02-20 15:00:00,1,clear,0,66.03,0.68,2.61,2421
2018-02-20 16:00:00,1,clear,0,66.69,0.68,2.37,3248
2018-02-20 17:00:00,1,clear,0,65.87,0.69,0.78,5384
2018-02-20 18:00:00,0,clear,0,62.69,0.74,0.43,4959
2018-02-20 19:00:00,0,clear,0,59.17,0.8,0.21,3287
2018-02-20 20:00:00,0,clear,0,57.5,0.81,0.7,2255
2018-02-20 21:00:00,0,clear,0,55.82,0.84,0.69,1545
2018-02-20 22:00:00,0,clear,0,55.56,0.85,0.88,1055
2018-02-20 23:00:00,0,clear,0,55.59,0.85,1.13,578
2018-02-21 00:00:00,0,partly-cloudy,0,54.93,0.88,1.05,278
2018-02-21 01:00:00,0,partly-cloudy,0,54.55,0.91,1.07,130
2018-02-21 02:00:00,0,partly-cloudy,0,54.96,0.91,1.11,87
2018-02-21 03:00:00,0,partly-cloudy,0,54.58,0.93,1.55,38
2018-02-21 04:00:00,0,cloudy,0,54.98,0.94,1.35,62
2018-02-21 05:00:00,0,cloudy,0,56.04,0.93,1.27,389
2018-02-21 06:00:00,0,cloudy,0,56.85,0.95,1.6,1316
2018-02-21 07:00:00,1,cloudy,0,57.57,0.92,1.73,2792
2018-02-21 08:00:00,1,cloudy,0,58.84,0.9,1.92,5050
2018-02-21 09:00:00,1,cloudy,0,60.03,0.91,2.86,3629
2018-02-21 10:00:00,1,cloudy,0,62.79,0.86,3.96,2059
2018-02-21 11:00:00,1,partly-cloudy,0,67.36,0.76,3.96,2006
2018-02-21 12:00:00,1,clear,0,71.78,0.66,4.48,2478
2018-02-21 13:00:00,1,clear,0,74.62,0.61,5.25,2767
2018-02-21 14:00:00,1,clear,0,76.47,0.58,5.09,2878
2018-02-21 15:00:00,1,clear,0,77.76,0.55,4.62,3167
2018-02-21 16:00:00,1,clear,0,78.02,0.55,4.19,3906
2018-02-21 17:00:00,1,clear,0,76.6,0.57,3.36,6262
2018-02-21 18:00:00,0,clear,0,73.4,0.63,1.74,5379
2018-02-21 19:00:00,0,clear,0,70.58,0.68,1.91,3499
2018-02-21 20:00:00,0,partly-cloudy,0.18,65.85,0.71,1.67,2210
2018-02-21 21:00:00,0,cloudy,0.36,62.3,0.77,3.42,1133
2018-02-21 22:00:00,0,cloudy,0.6,59.7,0.77,3.5,961
2018-02-21 23:00:00,0,cloudy,0.37,58.29,0.73,3.03,639
2018-02-22 00:00:00,0,cloudy,0,57.18,0.68,2.54,305
2018-02-22 01:00:00,0,cloudy,0,55.98,0.63,3.06,159
2018-02-22 02:00:00,0,cloudy,0,54.19,0.58,2.98,76
2018-02-22 03:00:00,0,cloudy,0,52.24,0.59,4.14,57
2018-02-22 04:00:00,0,cloudy,0,50.16,0.64,3.9,58
2018-02-22 05:00:00,0,cloudy,0.25,47.39,0.71,2.98,320
2018-02-22 06:00:00,0,cloudy,0.31,43.32,0.76,3.87,1150
2018-02-22 07:00:00,1,cloudy,0,40.04,0.71,10.7,1687
2018-02-22 08:00:00,1,cloudy,0.37,38.69,0.75,11.42,3596
2018-02-22 09:00:00,1,cloudy,0.28,38.91,0.74,10.29,2704
2018-02-22 10:00:00,1,cloudy,0.34,42.18,0.77,3.61,1431
2018-02-22 11:00:00,1,cloudy,0.29,41.24,0.74,4.76,1325
2018-02-22 12:00:00,1,cloudy,0,41.76,0.72,4.1,1500
2018-02-22 13:00:00,1,cloudy,0,42.04,0.72,3.13,1101
2018-02-22 14:00:00,1,cloudy,0.5,39.98,0.78,3.56,760
2018-02-22 15:00:00,1,cloudy,0.79,37.7,0.84,3.87,772
2018-02-22 16:00:00,1,rain,0.91,35.94,0.87,4.06,609
2018-02-22 17:00:00,1,rain,1,37.82,0.9,2.88,1264
2018-02-22 18:00:00,0,rain,1,37.63,0.91,2.99,2390
2018-02-22 19:00:00,0,cloudy,0.77,35.44,0.9,3.32,2012
2018-02-22 20:00:00,0,cloudy,0,35.2,0.89,3.38,1383
2018-02-22 21:00:00,0,cloudy,0,37.34,0.89,2.6,1033
2018-02-22 22:00:00,0,cloudy,0,37.28,0.88,1.64,809
2018-02-22 23:00:00,0,cloudy,0,37.31,0.88,2.4,509
2018-02-23 00:00:00,0,cloudy,0,34.93,0.88,3.1,282
2018-02-23 01:00:00,0,cloudy,0,36.84,0.88,2.26,139
2018-02-23 02:00:00,0,cloudy,0,36.64,0.87,2.97,72
2018-02-23 03:00:00,0,cloudy,0,36.33,0.87,2.58,50
2018-02-23 04:00:00,0,cloudy,0,36.29,0.87,2.03,53
2018-02-23 05:00:00,0,cloudy,0,36.29,0.86,2.65,329
2018-02-23 06:00:00,0,cloudy,0,36.27,0.86,2.61,1001
2018-02-23 07:00:00,1,cloudy,0,34.19,0.85,3.06,1959
2018-02-23 08:00:00,1,cloudy,0,36.63,0.85,2.79,2980
2018-02-23 09:00:00,1,cloudy,0,36.78,0.86,2.03,1956
2018-02-23 10:00:00,1,cloudy,0.49,36.8,0.89,2.08,938
2018-02-23 11:00:00,1,cloudy,0.65,37.06,0.9,2.33,896
2018-02-23 12:00:00,1,cloudy,0.61,37.82,0.9,2.79,1110
2018-02-23 13:00:00,1,cloudy,0.42,38.37,0.9,2.67,1130
2018-02-23 14:00:00,1,cloudy,0.31,38.69,0.9,1.69,1145
2018-02-23 15:00:00,1,fog,0.48,38.67,0.92,2.08,1303
2018-02-23 16:00:00,1,cloudy,0.45,38.65,0.93,2.17,1514
2018-02-23 17:00:00,1,fog,0.61,38.8,0.93,0.95,1969
2018-02-23 18:00:00,0,rain,0.83,38.94,0.94,0.26,1897
2018-02-23 19:00:00,0,rain,0.93,39.04,0.94,0.4,1677
2018-02-23 20:00:00,0,cloudy,0.52,39.19,0.94,0.14,1188
2018-02-23 21:00:00,0,cloudy,0,39.37,0.95,0.39,867
2018-02-23 22:00:00,0,cloudy,0,39.68,0.95,0.78,650
2018-02-23 23:00:00,0,cloudy,0,40.17,0.95,2.02,529
2018-02-24 00:00:00,0,cloudy,0,40.95,0.94,2.55,421
2018-02-24 01:00:00,0,cloudy,0,41.85,0.93,2.19,242
2018-02-24 02:00:00,0,partly-cloudy,0,42.37,0.93,2.61,152
2018-02-24 03:00:00,0,partly-cloudy,0,42.42,0.92,2.61,118
2018-02-24 04:00:00,0,partly-cloudy,0,42.61,0.93,1.46,70
2018-02-24 05:00:00,0,partly-cloudy,0,42.51,0.93,1.65,83
2018-02-24 06:00:00,0,partly-cloudy,0,42.53,0.93,1.16,237
2018-02-24 07:00:00,1,partly-cloudy,0,42.87,0.93,1.01,519
2018-02-24 08:00:00,1,partly-cloudy,0,44.93,0.92,0.9,1075
2018-02-24 09:00:00,1,clear,0,47.58,0.88,0.95,1808
2018-02-24 10:00:00,1,partly-cloudy,0,51.08,0.76,2.07,2324
2018-02-24 11:00:00,1,partly-cloudy,0,52.48,0.71,1.69,2776
2018-02-24 12:00:00,1,partly-cloudy,0,53.02,0.68,2.07,2779
2018-02-24 13:00:00,1,cloudy,0,52.69,0.69,1.69,2674
2018-02-24 14:00:00,1,cloudy,0,52.39,0.67,1.31,2481
2018-02-24 15:00:00,1,cloudy,0,50.92,0.72,1.09,898
2018-02-24 16:00:00,1,rain,0.86,48.3,0.83,1.35,1198
2018-02-24 17:00:00,1,rain,0.9,46.9,0.86,1.5,1221
2018-02-24 18:00:00,0,cloudy,0.73,46.17,0.88,0.52,1292
2018-02-24 19:00:00,0,cloudy,0.5,45.92,0.89,0.16,1051
2018-02-24 20:00:00,0,cloudy,0.41,45.69,0.9,0.05,790
2018-02-24 21:00:00,0,cloudy,0.48,45.36,0.91,1.68,478
2018-02-24 22:00:00,0,cloudy,0.61,44.28,0.91,1.66,430
2018-02-24 23:00:00,0,cloudy,0.53,43.57,0.91,1.34,433
2018-02-25 00:00:00,0,cloudy,0.19,42.94,0.89,1.7,368
2018-02-25 01:00:00,0,cloudy,0,42.7,0.88,1.36,246
2018-02-25 02:00:00,0,cloudy,0,42.68,0.87,1.76,165
2018-02-25 03:00:00,0,cloudy,0,41.28,0.85,3.09,84
2018-02-25 04:00:00,0,rain,0.91,42.34,0.88,2.69,22
2018-02-25 05:00:00,0,rain,1,39.15,0.91,4.38,13
2018-02-25 06:00:00,0,rain,1,39.2,0.92,4.27,22
2018-02-25 07:00:00,1,rain,1,37.43,0.92,5.83,85
2018-02-25 08:00:00,1,rain,0.99,37.87,0.93,5.08,220
2018-02-25 09:00:00,1,rain,1,37.66,0.93,5.43,363
2018-02-25 10:00:00,1,rain,1,38.73,0.93,4.43,454
2018-02-25 11:00:00,1,rain,1,39.77,0.93,3.47,569
2018-02-25 12:00:00,1,rain,1,39.09,0.93,4.43,880
2018-02-25 13:00:00,1,rain,0.98,40.01,0.93,3.61,1039
2018-02-25 14:00:00,1,cloudy,0.45,42.24,0.94,2.9,1275
2018-02-25 15:00:00,1,cloudy,0.25,42.31,0.94,2.46,1548
2018-02-25 16:00:00,1,cloudy,0,42.55,0.93,1.73,1751
2018-02-25 17:00:00,1,cloudy,0,42.83,0.93,0.77,1677
2018-02-25 18:00:00,0,cloudy,0,42.73,0.94,0.04,1518
2018-02-25 19:00:00,0,cloudy,0,42.78,0.94,0.03,1272
2018-02-25 20:00:00,0,cloudy,0,43,0.93,0.18,937
2018-02-25 21:00:00,0,cloudy,0,42.93,0.94,0.45,757
2018-02-25 22:00:00,0,cloudy,0,42.87,0.94,0.15,556
2018-02-25 23:00:00,0,cloudy,0,42.94,0.94,0.2,329
2018-02-26 00:00:00,0,cloudy,0,42.95,0.94,0.79,186
2018-02-26 01:00:00,0,cloudy,0,43.08,0.94,0.84,90
2018-02-26 02:00:00,0,cloudy,0,43.04,0.94,0.95,39
2018-02-26 03:00:00,0,partly-cloudy,0,42.64,0.95,0.72,27
2018-02-26 04:00:00,0,partly-cloudy,0,42.11,0.94,0.51,46
2018-02-26 05:00:00,0,partly-cloudy,0,41.64,0.94,0.32,347
2018-02-26 06:00:00,0,partly-cloudy,0,42.01,0.92,0.53,1308
2018-02-26 07:00:00,1,partly-cloudy,0,42.77,0.89,1.12,2730
2018-02-26 08:00:00,1,partly-cloudy,0,43.61,0.82,2.91,4504
2018-02-26 09:00:00,1,partly-cloudy,0,42.21,0.72,3.62,2864
2018-02-26 10:00:00,1,partly-cloudy,0,42.22,0.66,4.02,1474
2018-02-26 11:00:00,1,partly-cloudy,0,44.01,0.62,3.04,1379
2018-02-26 12:00:00,1,clear,0,46.54,0.57,2.75,1707
2018-02-26 13:00:00,1,partly-cloudy,0,47.86,0.53,2.94,1780
2018-02-26 14:00:00,1,partly-cloudy,0,49.27,0.48,3.48,1966
2018-02-26 15:00:00,1,partly-cloudy,0,50.98,0.45,3.52,2123
2018-02-26 16:00:00,1,partly-cloudy,0,51.42,0.43,3.14,2804
2018-02-26 17:00:00,1,partly-cloudy,0,51.29,0.44,2.42,4896
2018-02-26 18:00:00,0,clear,0,49.5,0.46,1.57,4672
2018-02-26 19:00:00,0,clear,0,46.27,0.52,0.57,2967
2018-02-26 20:00:00,0,clear,0,44.16,0.56,0.79,1976
2018-02-26 21:00:00,0,clear,0,42.37,0.61,0.65,1313
2018-02-26 22:00:00,0,clear,0,40.89,0.62,0.61,908
2018-02-26 23:00:00,0,clear,0,39.98,0.63,0.75,464
2018-02-27 00:00:00,0,clear,0,38.92,0.62,1.02,211
2018-02-27 01:00:00,0,clear,0,38.89,0.59,1.59,89
2018-02-27 02:00:00,0,clear,0,39.27,0.55,2.03,34
2018-02-27 03:00:00,0,clear,0,38.97,0.54,1.64,31
2018-02-27 04:00:00,0,clear,0,37.9,0.56,0.92,56
2018-02-27 05:00:00,0,clear,0,36.86,0.58,0.93,370
2018-02-27 06:00:00,0,clear,0,36.12,0.6,0.96,1401
2018-02-27 07:00:00,1,clear,0,35.6,0.62,0.64,3092
2018-02-27 08:00:00,1,clear,0,39.14,0.56,0.95,5357
2018-02-27 09:00:00,1,clear,0,43.46,0.47,0.83,3504
2018-02-27 10:00:00,1,clear,0,47.04,0.39,0.95,1814
2018-02-27 11:00:00,1,clear,0,50.04,0.37,1.63,1794
2018-02-27 12:00:00,1,clear,0,51.99,0.36,2.06,2167
2018-02-27 13:00:00,1,clear,0,53.88,0.35,2.6,2312
2018-02-27 14:00:00,1,clear,0,55.21,0.33,2.78,2354
2018-02-27 15:00:00,1,clear,0,55.74,0.33,2.88,2634
2018-02-27 16:00:00,1,clear,0,55.16,0.34,2.92,3239
2018-02-27 17:00:00,1,clear,0,52.79,0.38,3.29,5071
2018-02-27 18:00:00,0,clear,0,49.56,0.43,2.11,4970
2018-02-27 19:00:00,0,clear,0,46.83,0.5,1.88,3148
2018-02-27 20:00:00,0,clear,0,45.4,0.54,2.21,1956
2018-02-27 21:00:00,0,clear,0,44.21,0.57,1.65,1427
2018-02-27 22:00:00,0,clear,0,43.54,0.58,2.12,962
2018-02-27 23:00:00,0,clear,0,42.85,0.59,2.14,523
2018-02-28 00:00:00,0,clear,0,42.04,0.6,2.03,
2018-02-28 01:00:00,0,clear,0,41.59,0.61,2.23,
2018-02-28 02:00:00,0,clear,0,41.01,0.62,2.04,
2018-02-28 03:00:00,0,clear,0,40.23,0.62,1.45,
2018-02-28 04:00:00,0,clear,0,39.33,0.64,1.07,
2018-02-28 05:00:00,0,clear,0,38.62,0.67,1.33,
2018-02-28 06:00:00,0,clear,0,38.37,0.68,0.8,
2018-02-28 07:00:00,1,clear,0,37.84,0.7,1.16,
2018-02-28 08:00:00,1,clear,0,40.2,0.67,1.87,
2018-02-28 09:00:00,1,clear,0,43.35,0.6,2.56,
2018-02-28 10:00:00,1,partly-cloudy,0,46.41,0.55,2.89,
2018-02-28 11:00:00,1,clear,0,48.86,0.51,3.25,
2018-02-28 12:00:00,1,clear,0,53.07,0.47,3.16,
2018-02-28 13:00:00,1,clear,0,56.61,0.43,2.84,
2018-02-28 14:00:00,1,clear,0,58.88,0.42,3.11,
2018-02-28 15:00:00,1,clear,0,59.64,0.41,2.99,
2018-02-28 16:00:00,1,clear,0,59.99,0.42,2.9,
2018-02-28 17:00:00,1,clear,0,58.78,0.44,2.66,
2018-02-28 18:00:00,0,clear,0,55.33,0.51,1.58,
2018-02-28 19:00:00,0,clear,0,52.87,0.56,0.84,
2018-02-28 20:00:00,0,clear,0,52.16,0.58,1.09,
2018-02-28 21:00:00,0,partly-cloudy,0,52.61,0.59,1.4,
2018-02-28 22:00:00,0,cloudy,0,52.71,0.6,0.98,
2018-02-28 23:00:00,0,cloudy,0,52.58,0.6,1.25,
2018-03-01 00:00:00,0,cloudy,0,52.04,0.62,0.84,
2018-03-01 01:00:00,0,cloudy,0,51.07,0.64,0.8,
2018-03-01 02:00:00,0,partly-cloudy,0,49.95,0.66,0.65,
2018-03-01 03:00:00,0,partly-cloudy,0,48.11,0.69,0.26,
2018-03-01 04:00:00,0,clear,0,45.88,0.73,0.45,
2018-03-01 05:00:00,0,clear,0,44.83,0.76,0.2,
2018-03-01 06:00:00,0,clear,0,43.76,0.79,0.05,
2018-03-01 07:00:00,1,partly-cloudy,0,43.44,0.8,0,
2018-03-01 08:00:00,1,partly-cloudy,0,45.59,0.8,0.01,
2018-03-01 09:00:00,1,partly-cloudy,0,49.91,0.71,0.06,
2018-03-01 10:00:00,1,partly-cloudy,0,54.49,0.64,0.32,
2018-03-01 11:00:00,1,partly-cloudy,0,57.75,0.59,1.05,
2018-03-01 12:00:00,1,partly-cloudy,0,58.09,0.58,1.55,
2018-03-01 13:00:00,1,partly-cloudy,0,58.79,0.56,1.97,
2018-03-01 14:00:00,1,partly-cloudy,0,58.73,0.56,2.56,
2018-03-01 15:00:00,1,partly-cloudy,0,57.05,0.58,2.99,
2018-03-01 16:00:00,1,partly-cloudy,0,56.54,0.59,3.55,
2018-03-01 17:00:00,1,partly-cloudy,0,55.35,0.6,3.32,
2018-03-01 18:00:00,0,partly-cloudy,0,54.27,0.62,2.53,
2018-03-01 19:00:00,0,cloudy,0,52.6,0.65,2.76,
2018-03-01 20:00:00,0,cloudy,0,50.89,0.69,2.59,
2018-03-01 21:00:00,0,cloudy,0.49,48.52,0.78,2.51,
2018-03-01 22:00:00,0,rain,0.99,45.31,0.87,3.09,
2018-03-01 23:00:00,0,rain,1,42.23,0.9,4.89,
