,id,name,ratio,lat,lon
145,3385,2 Ave & E 105 St,2,40.7898,-73.943
146,3543,Morningside Dr & Amsterdam Ave,2,40.8103,-73.9574
147,3631,Crown St & Bedford Ave,2,40.6666,-73.9567
124,324,DeKalb Ave & Hudson Ave,1.39011438987663,40.6899,-73.981
125,3394,Columbia St & W 9 St,1.30243902439024,40.677,-74.0065
126,3333,Columbia St & Lorraine St,1.29125651418645,40.6747,-74.0076
127,3653,31 St & 35 Ave,1.28,40.7582,-73.9283
399,3342,Pioneer St & Richards St,1.26059850374065,40.6778,-74.0095
400,3337,Dwight St & Van Dyke St,1.24175283111768,40.6736,-74.012
401,3632,E 12 St & Avenue B,1.23259777538572,40.728,-73.9788
402,3232,Bond St & Fulton St,1.22153344208809,40.6896,-73.983
403,3512,27 Ave & 4 St,1.20879120879121,40.7747,-73.9338
0,3340,Wolcott St & Dwight St,1.17852437417655,40.6753,-74.0101
1,3557,40 Ave & 9 St,1.17808219178082,40.7574,-73.9451
340,243,Fulton St & Rockwell Pl,1.1638489894496,40.688,-73.9785
342,3596,Sullivan Pl & Bedford Ave,1.16326530612245,40.6642,-73.9575
343,510,W 51 St & 6 Ave,1.15590144496473,40.7607,-73.9804
345,2001,Sands St & Navy St,1.15073498878831,40.6998,-73.9799
405,337,Old Slip & Front St,1.13742180860697,40.7038,-74.0084
406,3648,Flushing Ave & Vanderbilt Ave,1.13631022326675,40.698,-73.9708
349,415,Pearl St & Hanover Square,1.13406771096513,40.7047,-74.0093
350,3654,31 St & Northern Blvd,1.1304347826087,40.7519,-73.9335
351,2005,Railroad Ave & Kay Ave,1.13022854678741,40.7053,-73.971
353,3352,Sigourney St & Columbia St,1.12100456621005,40.6727,-74.0088
148,218,Gallatin Pl & Livingston St,1.11525082387404,40.6903,-73.9871
149,492,W 33 St & 7 Ave,1.11242060971737,40.7502,-73.9909
150,3330,Henry St & Bay St,1.11226252158895,40.6725,-74.0049
151,3644,Van Dyke St & Van Brunt St,1.10742358078603,40.6758,-74.0149
354,3443,W 52 St & 6 Ave,1.10678430179495,40.7613,-73.9798
355,260,Broad St & Bridge St,1.10549725484745,40.7037,-74.0117
356,3620,11 St & 43 Ave,1.10236220472441,40.7519,-73.9479
357,217,Old Fulton St,1.10146200921546,40.7028,-73.9938
358,3541,Amsterdam Ave & W 125 St,1.09967845659164,40.8134,-73.9565
152,398,Atlantic Ave & Furman St,1.09943995417807,40.6917,-74
153,3550,Convent Ave & W 129 St,1.09756097560976,40.8141,-73.953
154,414,Pearl St & Anchorage Pl,1.0969567426459,40.7028,-73.9877
155,3604,Rogers Ave & Sterling St,1.09545454545455,40.6631,-73.9539
34,3104,KentAve&N7 St,1.09429190751445,40.7206,-73.9615
38,418,Front St & Gold St,1.09305289993627,40.7022,-73.9826
39,3322,12 St & 4 Ave,1.09213441654358,40.6686,-73.9904
40,467,Dean St & 4 Ave,1.08820739356355,40.6831,-73.979
156,3498,Pleasant Ave & E 120 St,1.0859872611465,40.7975,-73.9312
157,225,W 14 St & The High Line,1.08539942541057,40.742,-74.008
158,304,Broadway & Battery Pl,1.08501484762925,40.7046,-74.0136
159,520,W 52 St & 5 Ave,1.08477651815162,40.7599,-73.9765
160,343,Clinton Ave & Flushing Ave,1.08393602016625,40.6979,-73.9699
179,3601,Sterling St & Bedford Ave,1.08312958435208,40.6627,-73.9569
180,3609,Vernon Blvd & 31 Ave,1.08176943699732,40.7692,-73.9355
181,3324,3 Ave & 14 St,1.07989105764866,40.6685,-73.9933
182,2000,Front St & Washington St,1.07898500878946,40.7026,-73.9894
407,3063,Nostrand Ave & Myrtle Ave,1.07606132075472,40.6953,-73.9524
408,137,E 56 St & Madison Ave,1.0738078743794,40.7616,-73.9729
409,3068,Humboldt St & Varet St,1.07342896174863,40.7032,-73.9406
411,348,W Broadway & Spring St,1.07206663243252,40.7249,-74.0015
518,83,Atlantic Ave & Fort Greene Pl,1.07157436841225,40.6838,-73.9763
519,313,Washington Ave & Park Ave,1.07028901226711,40.6961,-73.9675
520,432,E 7 St & Avenue A,1.0686162413155,40.7262,-73.9838
521,242,Flushing Ave & Carlton Ave,1.06828149417755,40.6978,-73.9737
525,3120,Center BlvdÂ & Borden Ave,1.06583229036295,40.7416,-73.9604
529,274,Lafayette Ave & Fort Greene Pl,1.06572636371027,40.6869,-73.9767
530,309,Murray St & West St,1.0654843943544,40.715,-74.013
359,3618,27 St & Hunter St,1.06413301662708,40.7485,-73.9413
360,514,12 Ave & W 40 St,1.06379385782525,40.7609,-74.0028
361,3326,Clinton St & Centre St,1.06281407035176,40.6743,-74.0019
362,144,Nassau St & Navy St,1.06205956784115,40.6984,-73.9807
6,3610,Vernon Blvd & 30 Rd,1.06124721603563,40.7708,-73.9342
7,3371,4 Ave & 2 St,1.06070224161873,40.6746,-73.985
8,3344,Pioneer St & Van Brunt St,1.05996252342286,40.679,-74.0112
9,471,Grand St & Havemeyer St,1.05942618997087,40.7129,-73.957
10,2010,Grand St & Greene St,1.05880468499723,40.7217,-74.0023
41,303,Mercer St & Spring St,1.05819062599231,40.7236,-73.9995
42,3348,Coffey St & Conover St,1.05682560418027,40.6772,-74.0157
43,392,Jay St & Tech Pl,1.05555643514194,40.6951,-73.9872
44,3391,E 106 St & 1 Ave,1.05471847739889,40.7893,-73.9396
422,3393,Richards St & Delavan St,1.05448524984949,40.6794,-74.0079
423,3395,Henry St & W 9 St,1.05430463576159,40.6764,-74.0032
424,3586,34 Ave & 13 St,1.05426356589147,40.7639,-73.9365
425,298,3 Ave & Schermerhorn St,1.05385520894644,40.6868,-73.9797
426,3114,India St & East River,1.05366963777736,40.7317,-73.9616
412,3403,4 Ave & 9 St,1.0509769865393,40.6705,-73.9888
413,3392,Commerce St & Van Brunt St,1.05075552111585,40.6812,-74.0086
414,497,E 17 St & Broadway,1.05003126810031,40.737,-73.9901
415,456,E 53 St & Madison Ave,1.05002667701412,40.7597,-73.974
801,493,W 45 St & 6 Ave (1),1.04979587451655,40.7568,-73.9829
805,534,Water - Whitehall Plaza,1.04952165788079,40.7026,-74.0127
806,2002,Wythe Ave & Metropolitan Ave,1.04945721187355,40.7169,-73.9632
807,3148,E 84 St & 1 Ave,1.04940700661311,40.7757,-73.9507
531,3353,Reed St & Van Brunt St,1.04887218045113,40.6748,-74.0161
532,404,9 Ave & W 14 St,1.04836705328334,40.7406,-74.0055
533,3424,E 106 St & Lexington Ave,1.04798464491363,40.792,-73.946
534,3335,Union St & 4 Ave,1.04792841382692,40.6773,-73.9828
65,427,Bus Slip & State St,1.04787076668179,40.7025,-74.0143
69,310,State St & Smith St,1.04764147135592,40.6893,-73.9891
70,3233,E 48 St & 5 Ave,1.04738686895109,40.7572,-73.9781
71,3327,3 Ave & E 100 St,1.04699872286079,40.7877,-73.9473
14,459,W 20 St & 11 Ave,1.04678613155112,40.7467,-74.0078
15,352,W 56 St & 6 Ave,1.04648003731496,40.7634,-73.9772
16,3373,3 St & 3 Ave,1.04646683519923,40.6751,-73.9878
17,3495,E 114 St & 1 Ave,1.04640883977901,40.7946,-73.9363
535,3615,44 Dr & 21 St,1.04635761589404,40.748,-73.9461
536,3222,Hanson Pl & St Felix St,1.04625590694293,40.6852,-73.9771
537,3399,7 St & 3 Ave,1.04581673306773,40.6726,-73.9898
538,377,6 Ave & Canal St,1.04541666666667,40.7224,-74.0057
539,3074,Montrose Ave & Bushwick Ave,1.04533996457283,40.7077,-73.9402
72,3499,2 Ave & E 122 St,1.04525547445255,40.8007,-73.9349
73,3611,Vernon Blvd & 47 Rd,1.0450885668277,40.7449,-73.9535
74,3347,Van Brunt St & Wolcott St,1.04480672613555,40.6773,-74.0128
75,3224,W 13 St & Hudson St,1.04404438312252,40.74,-74.0051
76,3472,W 15 St & 10 Ave,1.04403940367697,40.7428,-74.0075
45,3467,W Broadway & Spring Street,1.04387157807604,40.7249,-74.0017
46,271,Ashland Pl & Hanson Pl,1.04368614872891,40.6852,-73.978
48,402,Broadway & E 22 St,1.04352179838336,40.7403,-73.9896
49,539,Metropolitan Ave & Bedford Ave,1.04343866678809,40.7153,-73.9602
427,3221,47 Ave & 31 St,1.04301632547292,40.743,-73.9356
428,426,West St & Chambers St,1.04295575271031,40.7175,-74.0132
429,3457,E 58 St & Madison Ave,1.0428333585591,40.763,-73.9721
430,147,Greenwich St & Warren St,1.04264612838857,40.7154,-74.0112
431,3312,1 Ave & E 94 St,1.04165240214538,40.7817,-73.9459
50,3561,37 Ave & 35 St,1.0414691943128,40.7531,-73.928
51,3612,30 Ave & 21 St,1.0412147505423,40.7704,-73.9286
52,484,W 44 St & 5 Ave,1.04101129717752,40.755,-73.9801
53,3647,48 Ave & 30 Pl,1.04054054054054,40.7413,-73.9373
77,515,W 43 St & 10 Ave,1.04004084831501,40.7601,-73.9946
78,3520,Adam Clayton Powell Blvd & W 118 St,1.039637599094,40.8044,-73.9515
79,382,University Pl & E 14 St,1.039558494195,40.7349,-73.992
80,3525,23 Ave & 27 St,1.03917050691244,40.7762,-73.9153
81,3401,2 Ave & 9 St,1.03898593949723,40.6725,-73.9933
808,430,York St & Jay St,1.0384348206724,40.7015,-73.9866
809,3122,48 Ave & 5 St,1.03833257125438,40.7444,-73.9559
810,3492,E 118 St & Park Ave,1.0375,40.8005,-73.942
811,3016,Mobile 01,1.03738658575721,40.7204,-73.9617
432,463,9 Ave & W 16 St,1.03710415630611,40.7421,-74.0044
433,157,Henry St & Atlantic Ave,1.03689381742676,40.6909,-73.9961
434,329,Greenwich St & N Moore St,1.03643503249192,40.7202,-74.0104
540,284,Greenwich Ave & 8 Ave,1.03605364798028,40.739,-74.0026
541,3599,Franklin Ave & Empire Blvd,1.03589375448672,40.6631,-73.9606
542,3066,Tompkins Ave & Hopkins St,1.03557655225607,40.6996,-73.9471
543,3069,Lorimer St & Broadway,1.03550365652276,40.7041,-73.9482
18,373,Willoughby Ave & Walworth St,1.0349635441095,40.6933,-73.9538
19,3527,5 Ave & E 126 St,1.03484320557491,40.807,-73.9417
20,455,1 Ave & E 44 St,1.03411046784541,40.75,-73.9691
21,3649,W 129 St & Convent Ave,1.03409090909091,40.8144,-73.9532
22,3594,Montgomery St & Franklin Ave OLD,1.03409090909091,40.6662,-73.9593
544,491,E 24 St & Park Ave S,1.03400483919202,40.741,-73.986
545,3420,Douglass St & 3 Ave,1.03381897788178,40.6802,-73.9843
546,3127,9 St & 44 Rd,1.03358098068351,40.7497,-73.9521
547,3067,Broadway & Whipple St,1.03323994851215,40.7017,-73.9437
103,3496,1 Ave & E 110 St,1.03265107212476,40.7923,-73.9383
104,3547,Broadway & Moylan Pl,1.03213844252163,40.8143,-73.959
105,530,11 Ave & W 59 St,1.03205823249628,40.7715,-73.9905
106,3554,Vernon Blvd & 41 Rd,1.03191489361702,40.7552,-73.9486
107,3390,E 109 St & 3 Ave,1.03150046598322,40.7933,-73.9432
817,3421,Hoyt St & Warren St,1.03127670483678,40.6844,-73.989
818,434,9 Ave & W 18 St,1.03099633978778,40.7432,-74.0037
819,351,Front St & Maiden Ln,1.03085626680198,40.7053,-74.0061
820,3338,2 Ave & E 99 St,1.03052928488469,40.7863,-73.9455
548,3575,Crescent St & 34 Ave,1.03040540540541,40.7611,-73.9306
549,478,11 Ave & W 41 St,1.0302146708361,40.7603,-73.9988
550,3311,Columbia St & Kane St,1.03009491473108,40.6876,-74.0016
551,168,W 18 St & 6 Ave,1.02971408674396,40.7397,-73.9946
552,3564,21 St & 36 Ave,1.02966101694915,40.7602,-73.9363
553,509,9 Ave & W 22 St,1.02943233768289,40.7455,-74.002
554,3071,Boerum St & Broadway,1.02936806223232,40.7054,-73.9498
555,336,Sullivan St & Washington Sq,1.0293397697904,40.7305,-73.9991
556,3491,E 118 St & 1 Ave,1.02927927927928,40.7975,-73.935
557,375,Mercer St & Bleecker St,1.02922008105202,40.7268,-73.997
438,300,Shevchenko Pl & E 7 St,1.02913152543073,40.7281,-73.9902
442,368,Carmine St & 6 Ave,1.0289044274166,40.7304,-74.0021
23,3257,Adventures NYC,1.02834008097166,40.7738,-73.9712
24,3417,Baltic St & 5 Ave,1.0276261483158,40.6796,-73.9785
25,279,Sands St & Gold St,1.02757213535084,40.7079,-74.0017
90,152,Warren St & Church St,1.02743868855086,40.7147,-74.0091
91,396,Lefferts Pl & Franklin Ave,1.02726213381751,40.6803,-73.9558
92,3064,Myrtle Ave & Lewis Ave,1.02722285901425,40.6968,-73.9376
93,453,W 22 St & 8 Ave,1.02717650705861,40.7448,-73.9992
443,3123,31 St & Thomson Ave,1.02712133227597,40.7447,-73.9354
444,439,E 4 St & 2 Ave,1.02706694090355,40.7263,-73.9898
445,257,Lispenard St & Broadway,1.02688163873144,40.7194,-74.0025
446,3407,Union St & Nevins St,1.0267017675818,40.6791,-73.9877
447,3621,27 Ave & 9 St,1.02659574468085,40.774,-73.9309
821,403,E 2 St & 2 Ave,1.02640257945647,40.725,-73.9907
822,3112,Milton St & Franklin St,1.02638692238383,40.7291,-73.9578
823,3237,21 St & 41 Ave,1.02638592750533,40.7538,-73.9427
824,3364,Carroll St & 5 Ave,1.02601841517857,40.6752,-73.9815
448,3419,Douglass St & 4 Ave,1.02582122552116,40.6793,-73.9815
449,265,Stanton St & Chrystie St,1.02568031536114,40.7223,-73.9915
450,3530,Crescent St & Ditmars Blvd,1.02537313432836,40.7787,-73.9146
451,128,MacDougal St & Prince St,1.02534613526063,40.7271,-74.003
452,311,Norfolk St & Broome St,1.02510015309443,40.7172,-73.988
561,3607,31 Ave & 14 St,1.0250569476082,40.7682,-73.9323
562,347,W Houston St & Hudson St,1.02417473863293,40.7287,-74.0075
566,259,South St & Whitehall St,1.02400836083183,40.7012,-74.0123
567,161,LaGuardia Pl & W 3 St,1.02391371368884,40.7292,-73.9981
568,488,W 39 St & 9 Ave,1.02381770358044,40.7565,-73.9937
569,3534,Frederick Douglass Blvd & W 117 St,1.02348008385744,40.8052,-73.9547
570,3494,E 115 St & Lexington Ave,1.02317290552585,40.7979,-73.9423
571,236,St Marks Pl & 2 Ave,1.02306432143473,40.7284,-73.9871
108,3588,Vernon Blvd & 10 St,1.02302302302302,40.7672,-73.9374
109,3455,Schermerhorn St & 3 Ave,1.02293358815098,40.6868,-73.9804
110,3504,E 123 St & Lexington Ave,1.02284527518172,40.8029,-73.9379
111,3422,Columbia St & Degraw St,1.02272054470101,40.6859,-74.0024
94,3389,Carroll St & Columbia St,1.02270331630585,40.683,-74.0035
95,477,W 41 St & 8 Ave,1.02239319407749,40.7564,-73.99
96,3613,Center Blvd & 48 Ave,1.02238805970149,40.745,-73.9575
97,3529,Lenox Ave & W 130 St,1.02221235006664,40.8108,-73.9431
98,3622,E 128 St & Madison Ave,1.02209944751381,40.8076,-73.9392
82,296,Division St & Bowery,1.02202308901375,40.7141,-73.997
83,3379,E 103 St & Lexington Ave,1.02187109444742,40.7903,-73.9476
84,3461,Murray St & Greenwich St,1.02167051396806,40.7149,-74.0112
85,358,Christopher St & Greenwich St,1.02159585917081,40.7329,-74.0071
825,464,E 56 St & 3 Ave,1.02141444629475,40.7593,-73.9676
826,408,Market St & Cherry St,1.02140545230071,40.7108,-73.994
827,3410,Dean St & Hoyt St,1.02133712660028,40.6864,-73.9876
828,3288,E 88 St & 1 Ave,1.02129582334682,40.7783,-73.9488
829,3531,Frederick Douglass Blvd & W 129 St,1.02127659574468,40.8126,-73.9492
453,306,Cliff St & Fulton St,1.02124109436661,40.7082,-74.0053
454,3425,2 Ave  & E 104 St,1.02120416301916,40.7892,-73.9437
458,3140,1 Ave & E 78 St,1.0209726443769,40.7714,-73.9535
112,3090,N 8 St & Driggs Ave,1.02085646550431,40.7177,-73.956
113,3124,46 Ave & 5 St,1.02062400846113,40.7473,-73.9545
114,2004,6 Ave & Broome St,1.02059123786355,40.7244,-74.0047
115,79,Franklin St & W Broadway,1.02058423273449,40.7191,-74.0067
116,3260,Mercer St & Bleecker St,1.02050537170076,40.7271,-73.9966
132,3565,36 Ave & 10 St,1.02049180327869,40.7614,-73.9411
133,229,Great Jones St,1.02006150180184,40.7274,-73.9938
134,3500,E 115 St & Madison Ave,1.02004716981132,40.7989,-73.9448
135,482,W 15 St & 7 Ave,1.01985557002486,40.7394,-73.9993
136,462,W 22 St & 10 Ave,1.01981805950131,40.7469,-74.0045
572,458,11 Ave & W 27 St,1.01972759030218,40.7514,-74.0052
573,3591,21 St & 31 Dr,1.01947308132875,40.7659,-73.9308
574,3474,6 Ave & Spring St,1.01906179138322,40.7253,-74.0041
575,3528,Steinway St & 23 Ave,1.01890359168242,40.7714,-73.9077
459,251,Mott St & Prince St,1.01879331728314,40.7232,-73.9948
460,3505,Lexington Ave & E 127 St,1.01869158878505,40.8057,-73.9363
461,315,South St & Gouverneur Ln,1.01860870992042,40.7036,-74.0067
462,264,Maiden Ln & Pearl St,1.01848361031577,40.7071,-74.0073
463,3524,19 St & 24 Ave,1.01807228915663,40.7775,-73.9225
830,3503,Madison Ave & E 120 St,1.01796407185629,40.803,-73.943
831,3570,35 Ave & 37 St,1.01771653543307,40.7557,-73.9237
832,237,E 11 St & 2 Ave,1.01733292930235,40.7305,-73.9867
833,3614,Crescent St & 30 Ave,1.01731601731602,40.7687,-73.925
576,3409,Bergen St & Smith St,1.01729075774203,40.6867,-73.9906
577,388,W 26 St & 10 Ave,1.01704380991299,40.7497,-74.003
578,470,W 20 St & 8 Ave,1.01677674254039,40.7435,-74
579,3339,Berkeley Pl & 6 Ave,1.01666666666667,40.6765,-73.9785
580,3263,Cooper Square & Astor Pl,1.01663381349507,40.7295,-73.9908
117,3400,E 110 St & Madison Ave,1.01653822354728,40.7962,-73.9478
118,317,E 6 St & Avenue B,1.01624467921603,40.7245,-73.9819
119,3397,Court St & Nelson St,1.01603153745072,40.6764,-73.9987
584,3526,31 St & 23 Ave,1.01581632653061,40.7748,-73.9126
585,405,Washington St & Gansevoort St,1.01576869067604,40.7393,-74.0081
586,473,Rivington St & Chrystie St,1.01553029981044,40.7211,-73.9919
587,3093,N 6 St & Bedford Ave,1.01530534544901,40.7175,-73.9585
588,372,Franklin Ave & Myrtle Ave,1.01523407094407,40.6945,-73.9581
128,355,Bayard St & Baxter St,1.01518976227583,40.716,-73.9997
129,454,E 51 St & 1 Ave,1.01518352906491,40.7546,-73.9659
130,3125,45 Rd & 11 St,1.01515011972739,40.7471,-73.9498
131,3577,34 Ave & 21 St,1.01510574018127,40.7628,-73.9343
165,3388,President St & Henry St,1.0150068212824,40.6828,-73.9999
166,3510,Adam Clayton Powell Blvd & W 123 St,1.01494696239151,40.8078,-73.9494
167,346,Bank St & Hudson St,1.01488983836096,40.7365,-74.0062
168,3377,Carroll St & Bond St,1.01487572761711,40.6786,-73.9904
169,3332,Degraw St & Hoyt St,1.01466118362238,40.682,-73.9908
183,3568,34 St & 35 Ave,1.01407506702413,40.7569,-73.9262
184,3556,24 St & 41 Ave,1.0140712945591,40.7527,-73.9397
185,3062,Myrtle Ave & Marcy Ave,1.01406147809026,40.6954,-73.9495
186,308,St James Pl & Oliver St,1.01403422236315,40.7131,-73.9985
834,3129,Queens Plaza North & Crescent St,1.01402760632926,40.7511,-73.9407
835,410,Suffolk St & Stanton St,1.01401409650005,40.7207,-73.9852
836,261,Johnson St & Gold St,1.0139612419254,40.6947,-73.9836
837,3469,India St & West St,1.01381074168798,40.7318,-73.96
838,3368,5 Ave & 3 St,1.01373761161809,40.6728,-73.9835
86,3427,Lafayette St & Jersey St,1.01368184121522,40.7243,-73.996
87,3092,Berry St & N 8 St,1.01360416274842,40.719,-73.9585
88,3387,E 106 St & Madison Ave,1.01358469642362,40.7934,-73.9495
89,3088,Union Ave & Jackson St,1.01354926124266,40.7161,-73.952
464,537,Lexington Ave & E 24 St,1.013547890168,40.7403,-73.9841
465,3079,Leonard St & Grand St,1.01338887235942,40.711,-73.9471
466,297,E 15 St & 3 Ave,1.01331479036234,40.7342,-73.9869
467,353,S Portland Ave & Hanson Pl,1.01311525999074,40.6854,-73.9743
468,3255,8 Ave & W 31 St,1.01309739825641,40.7506,-73.9947
839,3181,Soissons Landing,1.01302521008403,40.6926,-74.0164
840,3497,Pleasant Ave & E 116 St,1.01302325581395,40.795,-73.9333
841,3597,43 St & Broadway,1.01300108342362,40.7577,-73.9166
842,3085,Roebling St & N 4 St,1.01298972516916,40.7147,-73.9574
590,3265,E 2 St & 2 Ave E,1.01284158619273,40.7246,-73.9894
594,3537,Carlton Ave & Dean St,1.01273885350318,40.681,-73.971
595,3508,St Nicholas Ave & Manhattan Ave,1.01247987117552,40.8097,-73.9531
596,3486,Schermerhorn St & Bond St,1.01244343891403,40.6884,-73.9845
137,3115,India St & Manhattan Ave,1.01225967284773,40.7323,-73.9551
138,2009,Catherine St & Monroe St,1.01219731437817,40.7112,-73.9968
139,305,E 58 St & 3 Ave,1.0120566731756,40.761,-73.9672
140,3258,W 27 St & 10 Ave,1.01196525644056,40.7502,-74.0022
141,3318,2 Ave & E 96 St,1.01193847520684,40.784,-73.9472
843,3117,Franklin St & Dupont St,1.01170593133173,40.7356,-73.9587
844,460,S 4 St & Wythe Ave,1.01142646516771,40.7129,-73.9659
845,301,E 2 St & Avenue B,1.01141988810352,40.7222,-73.9837
846,3109,Banker St & Meserole Ave,1.01132426895139,40.7261,-73.9562
469,3374,Central Park North & Adam Clayton Powell Blvd,1.01123404255319,40.7995,-73.9556
470,127,Barrow St & Hudson St,1.01108284810712,40.7317,-74.0067
471,384,Fulton St & Washington Ave,1.01105897430597,40.683,-73.9649
475,3305,E 91 St & 2 Ave,1.0110480016624,40.7811,-73.9497
597,250,Lafayette St & Jersey St N,1.0109905279003,40.7246,-73.9957
601,3493,E 118 St & 3 Ave,1.01095890410959,40.7991,-73.9389
602,323,Lawrence St & Willoughby St,1.01095148261017,40.6924,-73.9863
187,3513,21 St & Hoyt Ave S,1.01091703056769,40.7746,-73.9237
188,3511,Adam Clayton Powell Blvd & W 115 St,1.01081081081081,40.8025,-73.9532
189,228,E 48 St & 3 Ave,1.01080353505836,40.7546,-73.9719
190,483,E 12 St & 3 Ave,1.01076790577501,40.7322,-73.9889
191,3242,Schermerhorn St & Court St,1.01071723000824,40.691,-73.9918
99,3315,Henry St & Degraw St,1.0105274184256,40.6848,-73.9992
100,435,W 21 St & 6 Ave,1.01037387970402,40.7417,-73.9942
101,431,Hanover Pl & Livingston St,1.01031636863824,40.6886,-73.9826
102,3381,3 St & Hoyt St,1.01030524393426,40.6777,-73.9936
476,502,Henry St & Grand St,1.01018155053975,40.7142,-73.9813
477,328,Watts St & Greenwich St,1.01003751093451,40.7241,-74.0097
478,3411,Bond St & Bergen St,1.00989296140123,40.685,-73.9862
479,3501,E 118 St & Madison Ave,1.00988875154512,40.8015,-73.9443
480,438,St Marks Pl & 1 Ave,1.00987707679205,40.7278,-73.9856
120,3532,Ditmars Blvd & 19 St,1.00969827586207,40.7814,-73.9183
121,3103,N 11 St & Wythe Ave,1.00951728031617,40.7215,-73.9578
122,3072,Leonard St & Boerum St,1.00948266779054,40.7058,-73.9464
123,238,Bank St & Washington St,1.00942528735632,40.7362,-74.0086
603,116,W 17 St & 8 Ave,1.00942514519001,40.7418,-74.0015
604,448,W 37 St & 10 Ave,1.00940314820166,40.7566,-73.9979
605,3157,East End Ave & E 86 St,1.00934386453978,40.7752,-73.9445
606,496,E 16 St & 5 Ave,1.00927253608642,40.7373,-73.9924
607,3113,Greenpoint Ave & Manhattan Ave,1.00918871101219,40.7303,-73.9539
847,440,E 45 St & 3 Ave,1.00915189228118,40.7526,-73.9728
848,3522,37 St & 24 Ave,1.00907715582451,40.7701,-73.9121
849,411,E 6 St & Avenue D,1.00899921310537,40.7223,-73.9767
850,3173,Riverside Blvd & W 67 St,1.00886513157895,40.7775,-73.9889
608,247,Perry St & Bleecker St,1.00880855944658,40.7354,-74.0048
609,3166,Riverside Dr & W 72 St,1.00880591092046,40.7806,-73.9856
613,268,Howard St & Centre St,1.00853266736905,40.7191,-73.9997
614,254,W 11 St & 6 Ave,1.00841760144407,40.7353,-73.998
481,3509,Lenox Ave & W 115 St,1.008400420021,40.8012,-73.9501
482,3458,W 55 St & 6 Ave,1.00836927831069,40.7631,-73.9784
483,3490,E 116 St & 2 Ave,1.00810185185185,40.7969,-73.9373
484,3132,E 59 St & Madison Ave,1.0080519236196,40.7635,-73.9711
851,3259,9 Ave & W 28 St,1.00790287686174,40.7494,-73.9992
852,3372,E 74 St & 1 Ave,1.00778336306146,40.769,-73.9548
853,3351,E 102 St & 1 Ave,1.00775442537034,40.787,-73.9416
854,3462,E 44 St & 2 Ave,1.00766016713092,40.7512,-73.9714
855,3518,Lenox Ave & W 126 St,1.00765217391304,40.8084,-73.9452
192,3107,Bedford Ave & Nassau Ave,1.00764865531705,40.7231,-73.9521
193,3553,Frederick Douglass Blvd & W 112 St,1.00759318913944,40.8017,-73.9571
194,280,E 10 St & 5 Ave,1.00745481601341,40.7333,-73.9951
195,3404,7 St & 5 Ave,1.00741198270537,40.6705,-73.9854
196,3119,Vernon Blvd & 50 Ave,1.00721896899299,40.7423,-73.9541
161,3116,Huron St & Franklin St,1.00681922035924,40.7327,-73.9583
162,212,W 16 St & The High Line,1.00681391367935,40.7433,-74.0068
163,417,Barclay St & Church St,1.00672434257141,40.7129,-74.0102
164,2012,E 27 St & 1 Ave,1.00667967405027,40.7394,-73.9768
170,494,W 26 St & 8 Ave,1.00661257494405,40.7473,-73.9972
171,3489,Gold St & Frankfort St,1.006394707828,40.7107,-74.0035
172,72,W 52 St & 11 Ave,1.00625608907446,40.7673,-73.9939
173,461,E 20 St & 2 Ave,1.00619374582738,40.7359,-73.9821
174,3476,Norman Ave & Leonard St,1.00611136260751,40.7258,-73.9507
615,3002,South End Ave & Liberty St,1.00606895281792,40.7115,-74.0158
616,466,W 25 St & 6 Ave,1.00599538106236,40.744,-73.9914
617,3151,E 81 St & York Ave,1.00590282252868,40.7728,-73.9499
618,380,W 4 St & 7 Ave S,1.00590268406711,40.734,-74.0029
619,354,Emerson Pl & Myrtle Ave,1.00573528592906,40.6936,-73.9622
620,151,Cleveland Pl & Spring St,1.00572763216145,40.7221,-73.9972
622,3447,E 71 St & 1 Ave,1.00570331779545,40.767,-73.9562
623,294,Washington Square E,1.00566504601493,40.7305,-73.9957
624,3382,Carroll St & Smith St,1.00563954314961,40.6806,-73.9948
175,253,W 13 St & 5 Ave,1.00547395891348,40.7354,-73.9945
176,531,Forsyth St & Broome St,1.00543197102949,40.7189,-73.9927
177,3179,Park Ave & Marcus Garvey Blvd,1.00532601678502,40.6986,-73.9413
178,3369,E 82 St & East End Ave,1.00529400642844,40.7725,-73.9468
744,3514,Astoria Park S & Shore Blvd,1.00528169014085,40.7767,-73.9276
745,223,W 13 St & 7 Ave,1.00527813160243,40.7378,-73.9999
746,536,1 Ave & E 30 St,1.00522741147741,40.7414,-73.9754
747,3413,Wyckoff St & 3 Ave,1.00499445061043,40.6828,-73.9826
748,3308,Kane St & Clinton St,1.00480970305312,40.6862,-73.9965
856,3415,Prospect Pl & 6 Ave,1.00471475719,40.6793,-73.9752
857,3441,10 Hudson Yards,1.0046674445741,40.753,-74.0026
858,495,W 47 St & 10 Ave,1.00465005121202,40.7627,-73.993
859,249,Harrison St & Hudson St,1.00450672844429,40.7187,-74.009
625,3428,8 Ave & W 16 St,1.00441321642181,40.741,-74.0017
626,3319,14 St & 5 Ave,1.00440752669944,40.6663,-73.989
627,394,E 9 St & Avenue C,1.004376606637,40.7252,-73.9777
628,395,Bond St & Schermerhorn St,1.00435161009574,40.6881,-73.9841
629,3096,Union Ave & N 12 St,1.00432715948205,40.7192,-73.9524
363,302,Avenue D & E 3 St,1.00424859894065,40.7208,-73.9779
364,3287,W 87 St & West End Ave,1.004243281471,40.7903,-73.9771
365,252,MacDougal St & Washington Sq,1.00421282132433,40.7323,-73.9985
366,3436,Greenwich St & Hubert St,1.00418022594386,40.7213,-74.0101
197,3464,W 37 St & Broadway,1.0041277164016,40.7523,-73.9877
198,3254,Soissons Landing,1.0040383978815,40.6923,-74.0149
199,546,E 30 St & Park Ave S,1.0040369371578,40.7444,-73.983
200,3309,E 97 St & 3 Ave,1.00378040762656,40.7859,-73.9486
201,3182,Yankee Ferry Terminal,1.00367132867133,40.6869,-74.017
860,3521,Lenox Ave & W 111 St,1.00367024280068,40.7988,-73.9523
861,3635,W 36 St & 9 Ave,1.00361051562676,40.7546,-73.9952
862,119,Park Ave & St Edwards St,1.00353289410866,40.6961,-73.978
863,3361,Carroll St & 6 Ave,1.00347956607764,40.6741,-73.9787
749,342,Columbia St & Rivington St,1.00343960658636,40.7174,-73.9802
750,412,Forsyth St & Canal St,1.00340396894954,40.7158,-73.9942
751,160,E 37 St & Lexington Ave,1.00313644407843,40.7482,-73.9783
754,3147,E 85 St & 3 Ave,1.00309219130031,40.778,-73.9541
755,3223,E 55 St & 3 Ave,1.0030660507067,40.759,-73.9687
289,282,Kent Ave & S 11 St,1.00300288356369,40.7076,-73.9684
291,3329,Degraw St & Smith St,1.00300125859231,40.6829,-73.9932
292,248,Laight St & Hudson St,1.0029975237847,40.7219,-74.0077
293,489,10 Ave & W 28 St,1.00273462914769,40.7507,-74.0018
630,143,Clinton St & Joralemon St,1.00267131242741,40.6924,-73.9934
631,319,Park Pl & Church St,1.00266679231059,40.7134,-74.0094
635,3396,Clinton St & 4 Place,1.00265372659034,40.6784,-74.0001
636,503,E 20 St & Park Ave,1.00262955621182,40.7383,-73.9875
202,446,W 24 St & 7 Ave,1.00262867904871,40.7449,-73.9953
203,3046,Marcus Garvey Blvd & Macon St,1.00249593054802,40.6826,-73.938
204,540,Lexington Ave & E 26 St,1.00235997656604,40.7415,-73.9832
208,3155,Lexington Ave & E 63 St,1.00229265003372,40.7644,-73.9665
209,3571,Bedford Ave & Bergen St,1.00210084033613,40.6764,-73.9529
210,3246,Montague St & Clinton St,1.00181765304639,40.6943,-73.9923
211,3459,E 53 St & 3 Ave,1.00181764590293,40.7576,-73.9693
212,3466,W 45 St & 6 Ave,1.00162801953623,40.7567,-73.9826
367,445,E 10 St & Avenue A,1.00161771856241,40.7274,-73.9814
368,291,Madison St & Montgomery St,1.00156990850129,40.7131,-73.9848
369,3463,E 16 St & Irving Pl,1.00153112711835,40.7354,-73.988
370,276,Duane St & Greenwich St,1.0012943587531,40.7175,-74.0105
371,345,W 13 St & 6 Ave,1.00126791463658,40.7365,-73.997
637,334,W 20 St & 7 Ave,1.00116865843879,40.7424,-73.9973
638,3408,Congress St & Clinton St,1.00102590407797,40.6882,-73.9952
639,3244,University Pl & E 8 St,1.00093878156035,40.7314,-73.9949
640,2023,E 55 St & Lexington Ave,1.00083380758897,40.7597,-73.9703
294,3429,Hanson Pl & Ashland Pl,1.00078384848421,40.6851,-73.9779
295,82,St James Pl & Pearl St,1.00077244258873,40.7112,-74.0002
296,3453,Devoe St & Lorimer St,1.000625,40.7134,-73.9491
297,232,Cadman Plaza E & Tillary St,1.00060979095604,40.696,-73.9901
298,3533,St. Nicholas Ave & W 126 St,1.00056882821388,40.8114,-73.9519
864,393,E 5 St & Avenue C,1.00036937852064,40.723,-73.98
865,480,W 53 St & 10 Ave,1.00033575227587,40.7667,-73.9906
866,3402,Court St & State St,1.00025994281258,40.6902,-73.992
867,369,Washington Pl & 6 Ave,1.00017077335936,40.7322,-74.0003
756,3633,333 Johnson TEST 1,1,0,0
757,3239,Bressler,1,40.6465,-74.0166
758,3000,MLSWKiosk,1,40.7555,-73.9865
759,3598,Newton Rd & 44 St,1,40.7596,-73.9143
760,332,Cherry St,0.999908807660156,40.7122,-73.9795
641,3243,E 58 St & 1 Ave,0.999879314506396,40.7589,-73.9623
642,3042,Fulton St & Utica Ave,0.99983665468801,40.6794,-73.9299
643,3290,E 89 St & York Ave,0.99979274611399,40.7779,-73.946
644,285,Broadway & E 14 St,0.999561261980378,40.7345,-73.9907
761,401,Allen St & Rivington St,0.999511925982514,40.7202,-73.99
762,3445,Riverside Dr & W 89 St,0.99940664556962,40.7918,-73.9786
763,3087,Metropolitan Ave & Meeker Ave,0.999379979539325,40.7141,-73.9523
764,3412,Pacific St & Nevins St,0.999306518723994,40.6854,-73.983
765,3307,West End Ave & W 94 St,0.999207348347088,40.7942,-73.9741
372,326,E 11 St & 1 Ave,0.999132847728061,40.7295,-73.9843
373,293,Lafayette St & E 8 St,0.999077587587753,40.7303,-73.9908
375,441,E 52 St & 2 Ave,0.999039120176574,40.756,-73.9674
376,3110,Meserole Ave & Manhattan Ave,0.998990714574082,40.7271,-73.953
213,3235,E 41 St & Madison Ave,0.99877051195882,40.7522,-73.9799
214,335,Washington Pl & Broadway,0.998762405552003,40.729,-73.994
215,545,E 23 St & 1 Ave,0.998679384496936,40.7365,-73.9781
216,357,E 11 St & Broadway,0.998669247519961,40.7326,-73.9916
217,320,Church St & Leonard St,0.998605694227769,40.7176,-74.0055
221,508,W 46 St & 11 Ave,0.998602632933735,40.7634,-73.9967
222,3325,E 95 St & 3 Ave,0.99859287054409,40.7849,-73.9505
223,146,Hudson St & Reade St,0.998459351643817,40.7163,-74.0091
645,3282,5 Ave & E 88 St,0.998427209279465,40.7831,-73.9594
646,3086,Graham Ave & Conselyea St,0.998417565028187,40.7151,-73.9445
647,2008,Little West St & 1 Pl,0.998398291510945,40.7057,-74.0168
648,3264,E 61 St & Park Ave,0.998359706676959,40.7642,-73.9691
649,516,E 47 St & 1 Ave,0.998167280036654,40.7521,-73.9678
377,3606,49 Ave & 21 St,0.998015873015873,40.7425,-73.9489
378,340,Madison St & Clinton St,0.997925133077672,40.7127,-73.9878
379,3317,10 St & 5 Ave,0.997682801235839,40.6686,-73.987
380,295,Pike St & E Broadway,0.997663433235892,40.7141,-73.9929
299,367,E 53 St & Lexington Ave,0.997573412654038,40.7583,-73.9707
300,3573,35 St & 34 Ave,0.997340425531915,40.7581,-73.9243
301,331,Pike St & Monroe St,0.997332594311844,40.7117,-73.9919
302,344,Monroe St & Bedford Ave,0.997260461612218,40.6851,-73.9538
303,3070,McKibbin St & Manhattan Ave,0.997259961182783,40.7051,-73.9441
766,3082,Hope St & Union Ave,0.997184491876879,40.7117,-73.9514
767,3619,Newtown Ave & 23 St,0.997050147492625,40.7714,-73.9246
768,3156,E 72 St & York Ave,0.997037284048789,40.7666,-73.9535
769,3286,E 89 St & 3 Ave,0.9969983369164,40.7806,-73.9522
770,479,9 Ave & W 45 St,0.996982855853824,40.7602,-73.9913
224,312,Allen St & Stanton St,0.996968190057588,40.7221,-73.9891
228,3616,Steinway St & 28 Ave,0.996930161166539,40.7656,-73.9137
229,3130,21 St & Queens Plaza North,0.996879266627658,40.7533,-73.9434
868,3108,Nassau Ave & Russell St,0.996878758375809,40.7256,-73.9443
869,428,E 3 St & 1 Ave,0.996855004880165,40.7247,-73.9878
870,3137,5 Ave & E 73 St,0.996848355513402,40.7728,-73.9669
871,486,Broadway & W 29 St,0.996835674123117,40.7462,-73.9886
872,504,1 Ave & E 15 St,0.996794510851204,40.7322,-73.9817
304,224,Spruce St & Nassau St,0.996792760090996,40.7115,-74.0055
305,3438,E 76 St & 3 Ave,0.996715353973024,40.7722,-73.9584
306,3141,1 Ave & E 68 St,0.996711600700733,40.765,-73.9582
650,3321,Clinton St & Union St,0.996605822899382,40.6831,-73.9979
651,3303,Butler St & Court St,0.996213170776761,40.685,-73.9944
652,341,Stanton St & Mangin St,0.99615717773053,40.7178,-73.9763
653,3516,31 St & Astoria Blvd,0.996144578313253,40.7699,-73.9184
654,3431,E 35 St & 3 Ave,0.995998785838461,40.7465,-73.9779
876,3121,Jackson Ave & 46 Rd,0.995561882431753,40.7452,-73.9473
877,3430,Richardson St & N Henry St,0.995227634270131,40.7191,-73.9422
878,385,E 55 St & 2 Ave,0.995212814645309,40.758,-73.966
879,3535,Mt Morris Park W & W 120 St,0.995192307692308,40.804,-73.9459
771,3346,Berkeley Pl & 7 Ave,0.995098039215686,40.6751,-73.9752
772,386,Centre St & Worth St,0.995075021093951,40.7149,-74.0023
773,3291,Riverside Dr & W 91 St,0.99501454092231,40.7934,-73.9769
774,350,Clinton St & Grand St,0.994927228791205,40.7156,-73.987
775,263,Elizabeth St & Hester St,0.99486109465973,40.7173,-73.9964
880,3100,Nassau Ave & Newell St,0.994803695150116,40.7248,-73.9475
881,307,Canal St & Rutgers St,0.994762670378191,40.7143,-73.9899
882,3234,E 40 St & Madison Ave,0.994672426205904,40.7516,-73.9804
883,3126,44 Dr & Jackson Ave,0.994557540506855,40.7472,-73.9433
655,3440,Fulton St & Adams St,0.994532149317546,40.6924,-73.9895
656,3449,Eckford St & Engert Ave,0.994477680625863,40.7215,-73.948
657,532,S 5 Pl & S 4 St,0.994395315017883,40.7105,-73.9609
661,2003,1 Ave & E 18 St,0.994299799722693,40.7342,-73.9802
777,475,E 15 St & Irving Pl,0.994237240164785,40.7352,-73.9876
781,2022,E 59 St & Sutton Pl,0.99415213971301,40.7585,-73.9592
230,3435,Grand St & Elizabeth St,0.994127238741665,40.7188,-73.996
231,3502,Lexington Ave & E 111 St,0.994102780117944,40.7954,-73.9441
232,327,Vesey Pl & River Terrace,0.99404816473326,40.7153,-74.0166
233,359,E 47 St & Park Ave,0.993976369827675,40.7551,-73.975
234,3560,28 St & 38 Ave,0.993781094527363,40.7549,-73.9343
884,3507,Park Ave & E 124 St,0.993615786419037,40.8046,-73.9397
885,390,Duffield St & Willoughby St,0.993561394380853,40.6922,-73.9843
886,3077,Stagg St & Union Ave,0.993548113247591,40.7088,-73.951
887,3370,78 St & 2 Ave,0.993461171111601,40.7728,-73.9558
663,325,E 19 St & 3 Ave,0.993036429538051,40.7362,-73.9847
664,3452,Bayard St & Leonard St,0.992793411118737,40.7192,-73.9489
665,3298,Warren St & Court St,0.992738519464802,40.6864,-73.9938
666,538,E 48 St & Madison Ave,0.992678349588983,40.7567,-73.9767
381,528,2 Ave & E 31 St,0.992472643751943,40.7429,-73.9771
382,3414,Bergen St & Flatbush Ave,0.992467694008707,40.6809,-73.9757
383,512,W 29 St & 9 Ave,0.992380202108008,40.7501,-73.9984
384,3256,Pier 40 - Hudson River Park,0.992110453648915,40.7277,-74.0113
235,3584,Eastern Pkwy & Franklin Ave,0.99203919167177,40.6708,-73.9577
236,3378,E 76 St & Park Ave,0.992037192739502,40.7738,-73.9622
237,3101,N 12 St & Bedford Ave,0.991969261656686,40.7208,-73.9548
238,3249,Verona Pl & Fulton St,0.991620111731844,40.6804,-73.9477
891,3646,35 Ave & 10 St,0.991266375545852,40.7632,-73.9399
892,3589,Broadway & 12 St,0.991206030150754,40.7668,-73.9348
893,316,Fulton St & William St,0.991195456553835,40.7096,-74.0065
894,3454,Leonard St & Maujer St,0.991166077738516,40.7104,-73.9471
895,3076,Scholes St & Manhattan Ave,0.991075499967429,40.7087,-73.9449
785,2006,Central Park S & 6 Ave,0.991055698604147,40.7659,-73.9763
786,476,E 31 St & 3 Ave,0.990782879513976,40.7439,-73.9797
787,164,E 47 St & 2 Ave,0.990660158906421,40.7532,-73.9703
788,3551,3 Ave & E 112 St,0.990168539325843,40.7955,-73.9416
307,524,W 43 St & 6 Ave,0.98999092064645,40.7553,-73.9832
308,3517,31 St & Hoyt Ave N,0.989955357142857,40.7712,-73.917
309,174,E 25 St & 1 Ave,0.989790349877388,40.7382,-73.9774
310,376,John St & William St,0.989760836269774,40.7086,-74.0072
311,487,E 20 St & FDR Drive,0.989717730750026,40.7331,-73.9757
312,3171,Amsterdam Ave & W 82 St,0.989600029141775,40.7852,-73.9767
313,3169,Riverside Dr & W 82 St,0.989559800846621,40.7872,-73.9813
314,3423,West Drive & Prospect Park West,0.989393716970053,40.6611,-73.9795
315,3405,5 St & 6 Ave,0.989342806394316,40.6705,-73.9821
670,3642,E 98 St & Lexington Ave,0.989224137931034,40.7873,-73.9501
671,3555,28 St & 41 Ave,0.989098837209302,40.751,-73.938
672,3416,7 Ave & Park Pl,0.989059290048254,40.6776,-73.9732
673,525,W 34 St & 11 Ave,0.989022032584719,40.7559,-74.0021
674,442,W 27 St & 7 Ave,0.988832750242528,40.7466,-73.9939
385,361,Allen St & Hester St,0.988814817573523,40.7161,-73.9919
386,330,Reade St & Broadway,0.988676645331363,40.7145,-74.0056
387,383,Greenwich Ave & Charles St,0.988397974026884,40.7352,-74.0003
388,400,Pitt St & Stanton St,0.988393030277847,40.7193,-73.9818
316,3060,Willoughby Ave & Tompkins Ave,0.98839190628328,40.6943,-73.9463
317,518,E 39 St & 2 Ave,0.988373518236417,40.7478,-73.9734
318,3105,N 15 St & Wythe Ave,0.988301734570391,40.7241,-73.9557
319,3515,24 Ave & 26 St,0.988041853512705,40.7746,-73.9185
320,3590,Carroll St & Franklin Ave,0.987903225806452,40.6679,-73.9588
896,513,W 56 St & 10 Ave,0.987880558432706,40.7683,-73.9886
897,3059,Pulaski St & Marcus Garvey Blvd,0.987691336594603,40.6934,-73.9399
898,3456,Jackson St & Leonard St,0.987548638132296,40.7164,-73.9482
899,266,Avenue D & E 8 St,0.98744844898691,40.7237,-73.9757
675,3479,Picnic Point,0.987434554973822,40.6851,-74.0254
676,387,Centre St & Chambers St,0.987375977149729,40.7127,-74.0046
677,3153,E 71 St & 2 Ave,0.987189085766575,40.7682,-73.9591
678,389,Broadway & Berry St,0.986976942783945,40.7104,-73.9653
679,433,E 13 St & Avenue A,0.986942705219771,40.7296,-73.9806
789,3180,Brooklyn Bridge Park - Pier 2,0.986856986856987,40.6988,-73.9971
790,3641,Broadway & W 25 St,0.986582048957389,40.7429,-73.9892
791,3065,Union Ave & Wallabout St,0.986297794597416,40.7003,-73.9503
792,195,Liberty St & Broadway,0.986208736853067,40.7091,-74.0104
389,3304,6 Ave & 9 St,0.986135580237457,40.6681,-73.9838
390,3102,Driggs Ave & Lorimer St,0.985916677176609,40.7218,-73.9504
391,3296,E 93 St & 2 Ave,0.98589562764457,40.7825,-73.9489
392,3376,E 65 St & 2 Ave,0.985828599352513,40.7647,-73.9622
393,3569,Franklin Ave & St Marks Ave,0.985819625638117,40.6758,-73.9562
239,3362,Madison Ave & E 82 St,0.985638324305521,40.7781,-73.9607
240,3363,E 102 St & Park Ave,0.985484296648192,40.7905,-73.9503
241,3167,Amsterdam Ave & W 73 St,0.985218430863997,40.7797,-73.9809
680,474,5 Ave & E 29 St,0.98482062618145,40.7452,-73.9868
681,523,W 38 St & 8 Ave,0.984539602891791,40.7547,-73.9914
682,505,6 Ave & W 33 St,0.984334095331345,40.749,-73.9885
683,3523,24 Ave & 29 St,0.984293193717278,40.7729,-73.9161
684,3047,Halsey St & Tompkins Ave,0.984243611723406,40.6824,-73.9441
793,3323,W 106 St & Central Park West,0.984098420859346,40.7982,-73.9606
794,3238,E 80 St & 2 Ave,0.984033825571122,40.7739,-73.9544
795,3284,E 88 St & Park Ave,0.983745209462138,40.7814,-73.956
796,3365,3 St & 7 Ave,0.983671247788815,40.6704,-73.9784
797,3111,Norman Ave & Leonard St,0.983630480299473,40.7258,-73.9506
900,3135,E 75 St & 3 Ave,0.98339025873766,40.7711,-73.9577
901,507,E 25 St & 2 Ave,0.983287002181425,40.7391,-73.9797
902,3084,Devoe St & Leonard St,0.983206809293766,40.7135,-73.9479
321,3083,Bushwick Ave & Powers St,0.98300564735411,40.7125,-73.941
322,444,Broadway & W 24 St,0.982866999253258,40.7424,-73.9892
323,3057,Kosciuszko St & Tompkins Ave,0.982829728137362,40.6913,-73.9452
324,3367,5 Ave & E 103 St,0.982795905617762,40.7923,-73.9525
325,3080,S 4 St & Rodney St,0.98275052804506,40.7093,-73.9561
685,360,William St & Pine St,0.982667408401235,40.7072,-74.0089
686,290,2 Ave & E 58 St,0.982544815245032,40.7602,-73.9648
687,3544,Underhill Ave & Pacific St,0.982222222222222,40.6805,-73.9647
688,485,W 37 St & 5 Ave,0.982168893229621,40.7504,-73.9834
394,3142,1 Ave & E 62 St,0.981820548934206,40.7612,-73.9609
395,422,W 59 St & 10 Ave,0.981713654969415,40.7705,-73.988
396,522,E 51 St & Lexington Ave,0.9816536097175,40.7571,-73.9721
397,3637,Fulton St & Waverly Ave,0.981566820276498,40.6832,-73.966
398,472,E 32 St & Park Ave,0.981524556943063,40.7457,-73.9819
243,3549,Grand Ave & Bergen St,0.981346309813463,40.678,-73.9624
244,3572,34 Ave & 38 St,0.981210855949895,40.7569,-73.9216
245,3128,21 St & 43 Ave,0.981102362204724,40.7505,-73.9459
246,3579,Sterling Pl & Bedford Ave,0.981090100111235,40.6727,-73.9541
247,526,E 33 St & 5 Ave,0.981072976836624,40.7477,-73.9849
248,3383,Cathedral Pkwy & Broadway,0.980751099937146,40.8042,-73.967
249,3048,Putnam Ave & Nostrand Ave,0.980201499531396,40.684,-73.9498
250,363,West Thames St,0.980127637878797,40.7083,-74.0171
251,349,Rivington St & Ridge St,0.979607092272989,40.7185,-73.9833
903,322,Clinton St & Tillary St,0.979465915403539,40.6962,-73.9912
904,3314,W 95 St & Broadway,0.979012083951664,40.7938,-73.9719
905,3292,5 Ave & E 93 St,0.97898400669692,40.7858,-73.9575
906,365,Fulton St & Grand Ave,0.978980409741879,40.6822,-73.9615
689,3154,E 77 St & 3 Ave,0.978846888125239,40.7731,-73.9586
690,3355,E 66 St & Madison Ave,0.978682813536828,40.768,-73.9685
691,527,E 33 St & 1 Ave,0.978584473743464,40.744,-73.9761
695,379,W 31 St & 7 Ave,0.978471650410072,40.7492,-73.9916
907,3360,Amsterdam Ave & W 79 St,0.978302565332055,40.7829,-73.9787
908,3386,1 Pl & Clinton St,0.97828447339848,40.681,-73.9991
909,3094,Graham Ave & Withers St,0.97824304723466,40.717,-73.9449
910,3118,McGuinness Blvd & Eagle St,0.977929954999022,40.7356,-73.9528
326,3041,Kingston Ave & Herkimer St,0.977894479726429,40.6789,-73.9414
327,3336,E 97 St & Madison Ave,0.977777777777778,40.7878,-73.9536
328,3081,Graham Ave & Grand St,0.97762457668118,40.7119,-73.944
329,3136,5 Ave & E 63 St,0.977602701181767,40.7665,-73.9715
331,3398,Smith St & 9 St,0.977204907161804,40.6747,-73.9979
911,3574,Prospect Pl & Underhill Ave,0.977106227106227,40.677,-73.9658
912,3231,E 67 St & Park Ave,0.976555604589585,40.7678,-73.9659
913,3049,Cambridge Pl & Gates Ave,0.97615276311158,40.6849,-73.963
914,3375,3 Ave & E 72 St,0.975951740441836,40.7699,-73.9606
953,173,Broadway & W 49 St,0.97561465078829,40.7607,-73.9845
955,3328,W 100 St & Manhattan Ave,0.975609756097561,40.795,-73.9645
956,3043,Lewis Ave & Decatur St,0.975374064837905,40.6815,-73.9349
957,270,Adelphi St & Myrtle Ave,0.97498109956573,40.6931,-73.9718
958,3106,Driggs Ave & N Henry St,0.974941352100661,40.7233,-73.9431
696,3131,E 68 St & 3 Ave,0.97471285661356,40.7671,-73.9622
697,3150,E 85 St & York Ave,0.974660546949704,40.7754,-73.948
698,3241,Monroe St & Tompkins Ave,0.974144415193682,40.6862,-73.9447
699,3176,W 64 St & West End Ave,0.974015125860707,40.7745,-73.9875
252,3054,Greene Ave & Throop Ave,0.973707620836216,40.6895,-73.9421
253,3020,NYCBS Test,0.973544973544974,40.6466,-74.016
254,3540,Morningside Ave & W 123 St,0.973063973063973,40.81,-73.9552
255,498,Broadway & W 32 St,0.972991563170401,40.7485,-73.9881
256,3145,E 84 St & Park Ave,0.972825038157225,40.7786,-73.9577
485,3643,E 41 St & 5 Ave,0.972727272727273,40.7527,-73.9812
486,3356,Amsterdam Ave & W 66 St,0.972420559219491,40.7747,-73.9847
487,3605,31 Ave & Crescent St,0.972386587771203,40.7658,-73.9265
488,3359,E 68 St & Madison Ave,0.972212780421482,40.7692,-73.967
489,450,W 49 St & 8 Ave,0.971962808539881,40.7623,-73.9879
959,501,FDR Drive & E 35 St,0.971780609447913,40.7442,-73.9712
960,3052,Lewis Ave & Madison St,0.97165015641293,40.6863,-73.9358
961,167,E 39 St & 3 Ave,0.971036153414489,40.7489,-73.976
962,3349,Grand Army Plaza & Plaza St West,0.971013563343701,40.673,-73.9709
416,3168,Central Park West & W 85 St,0.970333541477668,40.7847,-73.9696
417,3358,Garfield Pl & 8 Ave,0.970189003436426,40.6712,-73.9748
418,3143,5 Ave & E 78 St,0.969993704973071,40.7763,-73.9643
420,3175,W 70 St & Amsterdam Ave,0.969799029141565,40.7775,-73.9829
421,3097,N Henry St & Richardson St,0.969751243781094,40.7192,-73.9424
700,499,Broadway & W 60 St,0.969545342870094,40.7692,-73.9819
701,3331,Riverside Dr & W 104 St,0.969409896798095,40.8013,-73.9711
702,481,S 3 St & Bedford Ave,0.96901822658414,40.7126,-73.9626
703,3384,Smith St & 3 St,0.968846223510234,40.6787,-73.996
963,3625,28 St & 40 Ave,0.96875,40.7526,-73.9364
964,3073,Division Ave & Hooper St,0.968582942676207,40.7069,-73.9544
965,3313,6 Ave & 12 St,0.968030344080195,40.6663,-73.9855
966,437,Macon St & Nostrand Ave,0.968009687917855,40.681,-73.95
967,3595,35 St & Broadway,0.967161016949153,40.7603,-73.9222
704,3506,Lexington Ave & E 120 St,0.966565349544073,40.8013,-73.9398
705,3091,Frost St & Meeker St,0.965978413890192,40.7176,-73.9488
706,233,Cadman Plaza W & Pierrepont St,0.965914288020231,40.6948,-73.9905
915,406,Hicks St & Montague St,0.964855657163349,40.6951,-73.996
916,3563,28 St & 36 Ave,0.962585034013605,40.7572,-73.9327
917,3152,3 Ave & E 71 St,0.962403682060299,40.7687,-73.9612
918,3434,W 88 St & West End Ave,0.962181178540018,40.7903,-73.9772
919,3146,E 81 St & 3 Ave,0.962140526907366,40.7757,-73.9568
986,3559,21 St & 38 Ave,0.961904761904762,40.7576,-73.9391
987,2017,E 43 St & 2 Ave,0.961862091574691,40.7502,-73.9712
988,3310,14 St & 7 Ave,0.961373737373737,40.6638,-73.984
989,3343,W 107 St & Columbus Ave,0.960846199778214,40.7998,-73.9621
710,419,Carlton Ave & Park Ave,0.960437836222355,40.6958,-73.9736
714,3095,Graham Ave & Herbert St,0.959857421709242,40.7193,-73.945
715,3345,Madison Ave & E 99 St,0.959595135091013,40.7895,-73.9524
716,278,Concord St & Bridge St,0.959233252354487,40.6977,-73.9848
717,3341,Central Park West & W 102 St,0.959003854861409,40.7953,-73.9619
718,3581,Underhill Ave & Lincoln Pl,0.958980733374767,40.674,-73.9671
719,3617,28 Ave & 35 St,0.958469945355191,40.7671,-73.917
720,3582,Lincoln Pl & Classon Ave,0.958333333333333,40.6722,-73.9609
968,366,Clinton Ave & Myrtle Ave,0.957959395862975,40.6933,-73.9689
969,3293,W 92 St & Broadway,0.957918190608316,40.7921,-73.9739
970,3350,W 100 St & Broadway,0.957797043883436,40.7974,-73.9704
971,3162,W 78 St & Broadway,0.957634093922905,40.7834,-73.9809
972,3566,Crescent St & 35 Ave,0.957583547557841,40.7596,-73.9321
990,3576,Park Pl & Vanderbilt Ave,0.957573354480571,40.6767,-73.969
991,409,DeKalb Ave & Skillman St,0.956616524961849,40.6906,-73.9564
992,339,Avenue D & E 12 St,0.95633906773406,40.7258,-73.9742
993,447,8 Ave & W 52 St,0.955940692677652,40.7637,-73.9852
257,3418,Plaza St West & Flatbush Ave,0.955861968337346,40.675,-73.9711
258,314,Cadman Plaza West & Montague St,0.955629621914384,40.6938,-73.9905
262,3078,Broadway & Roebling St,0.955433455433456,40.7092,-73.9606
264,3056,Kosciuszko St & Nostrand Ave,0.95490931198703,40.6907,-73.9513
721,3294,E 91 St & Park Ave,0.954404084267355,40.7835,-73.9553
722,3098,Leonard St & Bayard St,0.954078947368421,40.7193,-73.9486
723,457,Broadway & W 58 St,0.953281166203501,40.767,-73.9817
724,3580,St Johns Pl & Washington Ave,0.953194650817236,40.6737,-73.9632
725,3158,W 63 St & Broadway,0.952440718992335,40.7716,-73.9826
920,3320,Central Park West & W 100 St,0.951638760242252,40.7934,-73.9636
921,3548,Pacific St & Bedford Ave,0.950819672131148,40.6778,-73.9529
922,3578,Park Pl & Franklin Ave,0.950201884253028,40.6742,-73.9565
923,3159,W 67 St & Broadway,0.950201207243461,40.7749,-73.9827
924,423,W 54 St & 9 Ave,0.94952352437098,40.7658,-73.9869
925,529,W 42 St & 8 Ave,0.948459502810794,40.7576,-73.991
926,3253,Bike The Branches - Central Branch,0.948051948051948,40.6728,-73.9689
927,3301,Columbus Ave & W 95 St,0.947676166928397,40.792,-73.9681
928,3567,11 St & 35 Ave,0.946629213483146,40.7627,-73.9391
994,153,E 40 St & 5 Ave,0.944612088752869,40.7521,-73.9816
995,3592,Crescent St & Broadway,0.944108761329305,40.7634,-73.9286
996,397,Fulton St & Clermont Ave,0.943852005982184,40.6842,-73.9692
997,3285,W 87 St & Amsterdam Ave,0.943848182122034,40.7884,-73.9747
929,3055,Greene Ave & Nostrand Ave,0.94316854807318,40.6883,-73.9509
930,3306,10 St & 7 Ave,0.941825223101532,40.6662,-73.982
931,3226,W 82 St & Central Park West,0.940617424323687,40.7828,-73.9714
932,244,Willoughby Ave & Hall St,0.940496465979733,40.692,-73.9654
973,239,Willoughby St & Fleet St,0.939783260632497,40.692,-73.9813
974,120,Lexington Ave & Classon Ave,0.938520111397046,40.6868,-73.9593
975,3585,Union St & Bedford Ave,0.938461538461538,40.6692,-73.9554
976,150,E 2 St & Avenue C,0.938088292493193,40.7209,-73.9809
977,3558,Bergen St & Vanderbilt Ave,0.937691521961185,40.6794,-73.968
978,3366,West End Ave & W 107 St,0.937657767918611,40.8021,-73.9682
979,281,Grand Army Plaza & Central Park S,0.937537111881548,40.7644,-73.9737
980,3178,Riverside Dr & W 78 St,0.936785696144664,40.7841,-73.9836
981,3602,31 Ave & 34 St,0.936526255049048,40.7632,-73.9208
265,3289,W 90 St & Amsterdam Ave,0.935724238201975,40.7902,-73.9729
266,321,Cadman Plaza E & Red Cross Pl,0.935342685677153,40.6999,-73.9897
267,3050,Putnam Ave & Throop Ave,0.93469730941704,40.6852,-73.9411
268,421,Clermont Ave & Park Ave,0.934563312981152,40.6957,-73.9713
726,3061,Throop Ave & Myrtle Ave,0.934401602403605,40.6962,-73.9437
727,3099,Leonard St & Manhattan Ave,0.933711295246402,40.7215,-73.949
728,490,8 Ave & W 33 St,0.933004143023097,40.7516,-73.9939
729,3172,W 74 St & Columbus Ave,0.932668200263641,40.7786,-73.9775
730,3357,W 106 St & Amsterdam Ave,0.932463410333274,40.8008,-73.9664
490,364,Lafayette Ave & Classon Ave,0.931205551732049,40.689,-73.9602
491,3058,Lewis Ave & Kosciuszko St,0.930402227128732,40.6924,-73.9371
492,267,Broadway & W 36 St,0.929531246257395,40.751,-73.9877
493,318,E 43 St & Vanderbilt Ave,0.929334578672802,40.7532,-73.978
1001,3134,3 Ave & E 62 St,0.928974477399144,40.7631,-73.9653
1002,241,DeKalb Ave & S Portland Ave,0.928533109416183,40.6898,-73.9749
1003,3165,Central Park West & W 72 St,0.928201339541756,40.7758,-73.976
1005,3075,Division Ave & Marcy Ave,0.927526132404181,40.7071,-73.958
1006,3297,6 St & 7 Ave,0.92720563569272,40.6687,-73.9799
933,449,W 52 St & 9 Ave,0.926540090151618,40.7646,-73.9879
934,519,E 42 St & Vanderbilt Ave,0.926109605060331,40.7524,-73.9784
494,3316,W 104 St & Amsterdam Ave,0.925708009727779,40.799,-73.9662
495,533,Broadway & W 38 St,0.925167811734976,40.753,-73.9872
499,3089,Leonard St & Meeker Ave,0.924937744574884,40.7173,-73.9482
500,3044,Albany Ave & Fulton St,0.924233065678402,40.68,-73.9385
269,275,Washington Ave & Greene Ave,0.921749867701535,40.6865,-73.9656
270,2021,W 45 St & 8 Ave,0.920987796123474,40.7593,-73.9886
271,500,Broadway & W 51 St,0.920353982300885,40.7623,-73.9834
272,3139,E 72 St & Park Ave,0.918827130967186,40.7712,-73.9643
1007,416,Cumberland St & Lafayette Ave,0.917452156526707,40.6875,-73.9727
1008,3295,Central Park W & W 96 St,0.917171767770375,40.7913,-73.9648
1009,3437,Riverside Dr & W 91 St,0.917113783533765,40.7931,-73.977
1010,3562,Classon Ave & St Marks Ave,0.916824196597354,40.6765,-73.9596
1011,3603,31 Ave & 30 St,0.916256157635468,40.7647,-73.924
501,3354,3 St & Prospect Park West,0.916056247660803,40.6681,-73.9736
502,3149,E 82 St & 2 Ave,0.915352429996782,40.7752,-73.9532
503,3144,E 81 St & Park Ave,0.914719147191472,40.7768,-73.959
504,3545,Broadway & W 122 St,0.913108242303873,40.8121,-73.9613
505,3053,Marcy Ave & Lafayette Ave,0.907328605200946,40.6901,-73.9479
1012,465,Broadway & W 41 St,0.907274208278824,40.7551,-73.9866
1013,3546,Pacific St & Classon Ave,0.907017543859649,40.6792,-73.9588
1014,3138,E 77 St & Park Ave,0.90576694411415,40.7744,-73.9618
1015,468,Broadway & W 56 St,0.905682877647926,40.7653,-73.9819
1019,3229,Marcy Ave & MacDonough St,0.905021834061135,40.6806,-73.9462
1020,3177,W 84 St & Broadway,0.900702286096039,40.7868,-73.9771
1021,3300,Prospect Park West & 8 St,0.900382884395781,40.6651,-73.9764
1022,511,E 14 St & Avenue B,0.899831589010488,40.7294,-73.9777
274,356,Bialystoker Pl & Delancey St,0.898880543803774,40.7162,-73.9826
275,3170,W 84 St & Columbus Ave,0.896765852059584,40.785,-73.9728
276,436,Hancock St & Bedford Ave,0.895347663740034,40.6822,-73.954
277,3587,Carroll St & Washington Ave,0.890965732087227,40.6687,-73.9618
506,3160,Central Park West & W 76 St,0.881644649516466,40.779,-73.9737
507,469,Broadway & W 53 St,0.880687743760447,40.7634,-73.9827
508,362,Broadway & W 37 St,0.880634629703878,40.7517,-73.9875
509,3163,Central Park West & W 68 St,0.876591970673446,40.7734,-73.9778
510,443,Bedford Ave & S 9 St,0.875696908261531,40.7085,-73.9641
278,3283,W 89 St & Columbus Ave,0.875119708868033,40.7882,-73.9704
279,3542,Amsterdam Ave & W 119 St,0.87420864299477,40.8086,-73.9596
280,3133,E 67 St & Lexington Ave,0.874159820761762,40.7674,-73.9649
982,3538,W 110 St & Amsterdam Ave,0.867811799850635,40.8027,-73.963
983,391,Clark St & Henry St,0.866711303474497,40.6976,-73.9934
984,3593,31 St & Broadway,0.863182423435419,40.7616,-73.9259
985,420,Clermont Ave & Lafayette Ave,0.862914452037459,40.6876,-73.9697
1023,521,8 Ave & W 31 St N,0.860985447411572,40.7504,-73.9948
1029,245,Myrtle Ave & St Edwards St,0.86028292595577,40.6933,-73.977
1030,3266,Kiosk in a box Deployment,0.857142857142857,40.7086,-73.9285
284,3583,Eastern Pkwy & Washington Ave,0.851461988304094,40.6716,-73.9631
285,3161,W 76 St & Columbus Ave,0.849735994357713,40.7802,-73.9773
286,3623,W 120 St & Claremont Ave,0.848235294117647,40.8109,-73.9634
287,407,Henry St & Poplar St,0.848174588264763,40.7005,-73.9915
288,216,Columbia Heights & Cranberry St,0.843793857501877,40.7004,-73.9955
943,258,DeKalb Ave & Vanderbilt Ave,0.830494258612082,40.6894,-73.9689
944,517,Pershing Square S,0.823902956813557,40.7515,-73.978
1031,262,Washington Park,0.817158148530853,40.6918,-73.9737
1032,3164,Columbus Ave & W 72 St,0.804460359222287,40.7771,-73.979
1033,3552,W 113 St & Broadway,0.803497692494535,40.806,-73.9649
731,3536,W 116 St & Broadway,0.777304328324736,40.8082,-73.9641
732,289,Monroe St & Classon Ave,0.750615393031016,40.6846,-73.9588
733,399,Lafayette Ave & St James Pl,0.744359356529784,40.6885,-73.9648
734,3539,W 116 St & Amsterdam Ave,0.716003700277521,40.8068,-73.9607
735,3236,W 42 St & Dyer Ave,0.696406926863202,40.759,-73.9938
743,3302,Columbus Ave & W 103 St,0.62749040394809,40.7969,-73.9643
514,3230,Penn Station Valet,0.585521424378791,40.7513,-73.9969
516,3450,Penn Station Valet - Valet Scan,0.237724550898204,40.7513,-73.9969
