,id,name,pagerank,lat,lon
0,519,Pershing Square North,11.6737784625727,40.7524,-73.9784
9,3016,Kent Ave & N 7 St,4.53481183782187,40.7204,-73.9617
531,517,Pershing Square South,4.13436484110995,40.7515,-73.978
540,532,S 5 Pl & S 5 St,3.91616080752728,40.7105,-73.9609
544,504,1 Ave & E 15 St,3.58390525866511,40.7322,-73.9817
548,468,Broadway & W 55 St,3.43493138906567,40.7653,-73.9819
15,527,E 33 St & 2 Ave,3.40034698593244,40.744,-73.9761
19,2006,Central Park S & 6 Ave,3.39589100390818,40.7659,-73.9763
20,497,E 17 St & Broadway,3.35123407118239,40.737,-73.9901
21,387,Centre St & Chambers St,3.30559962419898,40.7127,-74.0046
22,347,Greenwich St & W Houston St,3.25422642489908,40.7287,-74.0075
26,279,Peck Slip & Front St,3.13782432189178,40.7079,-74.0017
552,312,Allen St & E Houston St,3.0961955619972,40.7221,-73.9891
556,499,Broadway & W 60 St,3.0951928725884,40.7692,-73.9819
557,426,West St & Chambers St,3.029980684914,40.7175,-74.0132
558,521,8 Ave & W 31 St,3.00187983149046,40.7504,-73.9948
564,281,Grand Army Plaza & Central Park S,2.94027093596379,40.7644,-73.9737
565,3119,Vernon Blvd & 50 Ave,2.93042667496095,40.7423,-73.9541
521,3129,Queens Plaza North & Crescent St,2.89297433747279,40.7511,-73.9407
522,402,Broadway & E 22 St,2.88718509597227,40.7403,-73.9896
523,540,Lexington Ave & E 29 St,2.84509415111434,40.7415,-73.9832
527,384,Fulton St & Waverly Ave,2.83766087750347,40.683,-73.9649
35,539,Metropolitan Ave & Bedford Ave,2.81836828731759,40.7153,-73.9602
36,435,W 21 St & 6 Ave,2.80679443263494,40.7417,-73.9942
37,151,Cleveland Pl & Spring St,2.7789073005005,40.7221,-73.9972
566,217,Old Fulton St,2.74845737354566,40.7028,-73.9938
567,514,12 Ave & W 40 St,2.72566529035668,40.7609,-74.0028
568,2002,Wythe Ave & Metropolitan Ave,2.71222088672588,40.7169,-73.9632
569,477,W 41 St & 8 Ave,2.66823920185311,40.7564,-73.99
570,457,Broadway & W 58 St,2.65376351199348,40.767,-73.9817
571,293,Lafayette St & E 8 St,2.60528743863351,40.7303,-73.9908
573,490,8 Ave & W 33 St,2.57121813833801,40.7516,-73.9939
574,430,York St & Jay St,2.57059445240079,40.7015,-73.9866
575,285,Broadway & E 14 St,2.56502196945256,40.7345,-73.9907
39,324,DeKalb Ave & Hudson Ave,2.52183067827187,40.6899,-73.981
40,467,Dean St & 4 Ave,2.51983217399834,40.6831,-73.979
41,492,W 33 St & 7 Ave,2.51017119100549,40.7502,-73.9909
42,3141,1 Ave & E 68 St,2.51012322967026,40.765,-73.9582
43,459,W 20 St & 11 Ave,2.47923183788377,40.7467,-74.0078
44,359,E 47 St & Park Ave,2.3418462183635,40.7551,-73.975
45,250,Lafayette St & Jersey St,2.30129523377813,40.7246,-73.9957
49,2000,Front St & Washington St,2.2986228956119,40.7026,-73.9894
50,368,Carmine St & 6 Ave,2.28390939149264,40.7304,-74.0021
51,323,Lawrence St & Willoughby St,2.2786830847476,40.6924,-73.9863
52,3090,N 8 St & Driggs Ave,2.25152876129565,40.7177,-73.956
53,3093,N 6 St & Bedford Ave,2.22232461378617,40.7175,-73.9585
54,284,Greenwich Ave & 8 Ave,2.21985602886051,40.739,-74.0026
576,417,Barclay St & Church St,2.16540033663572,40.7129,-74.0102
577,523,W 38 St & 8 Ave,2.15777151939629,40.7547,-73.9914
578,382,University Pl & E 14 St,2.15741646342467,40.7349,-73.992
579,327,Vesey Pl & River Terrace,2.14179300277678,40.7153,-74.0166
580,319,Fulton St & Broadway,2.1392000129321,40.7134,-74.0094
55,3124,46 Ave & 5 St,2.13622345347146,40.7473,-73.9545
56,3409,Bergen St & Smith St,2.12704408733969,40.6867,-73.9906
57,358,Christopher St & Greenwich St,2.1194301914211,40.7329,-74.0071
584,3263,Cooper Square & E 7 St,2.11921566871912,40.7295,-73.9908
588,314,Montague St & Clinton St,2.10822879005861,40.6938,-73.9905
592,398,Atlantic Ave & Furman St,2.10617934770056,40.6917,-74
593,83,Atlantic Ave & Fort Greene Pl,2.09463374546958,40.6838,-73.9763
594,143,Clinton St & Joralemon St,2.08502051123484,40.6924,-73.9934
595,444,Broadway & W 24 St,2.07308785709928,40.7424,-73.9892
596,518,E 39 St & 2 Ave,2.04343793377862,40.7478,-73.9734
58,533,Broadway & W 39 St,2.04154513391982,40.753,-73.9872
62,379,W 31 St & 7 Ave,2.03616088608452,40.7492,-73.9916
63,242,Carlton Ave & Flushing Ave,2.02825381434784,40.6978,-73.9737
597,479,9 Ave & W 45 St,2.02586705696474,40.7602,-73.9913
598,3002,South End Ave & Liberty St,2.01693121725055,40.7115,-74.0158
599,168,W 18 St & 6 Ave,2.00718219280247,40.7397,-73.9946
600,229,Great Jones St,1.99321061218263,40.7274,-73.9938
67,520,W 52 St & 5 Ave,1.98844346145073,40.7599,-73.9765
68,3120,Center Blvd & Borden Ave,1.98331441748937,40.7416,-73.9604
72,366,Clinton Ave & Myrtle Ave,1.98076953473752,40.6933,-73.9689
73,3112,Milton St & Franklin St,1.96641205746928,40.7291,-73.9578
601,305,E 58 St & 3 Ave,1.96276616168633,40.761,-73.9672
602,173,Broadway & W 49 St,1.96100427472389,40.7607,-73.9845
604,310,State St & Smith St,1.95201141483956,40.6893,-73.9891
605,3147,E 85 St & 3 Ave,1.94366300294559,40.778,-73.9541
74,432,E 7 St & Avenue A,1.91341049159395,40.7262,-73.9838
75,472,E 32 St & Park Ave,1.90040867587668,40.7457,-73.9819
76,128,MacDougal St & Prince St,1.89961179347365,40.7271,-74.003
77,537,Lexington Ave & E 24 St,1.8857687614464,40.7403,-73.9841
78,460,S 4 St & Wythe Ave,1.86619421989408,40.7129,-73.9659
606,446,W 24 St & 7 Ave,1.85645093980609,40.7449,-73.9953
607,505,6 Ave & W 33 St,1.8538826950833,40.749,-73.9885
608,320,Leonard St & Church St,1.83709121775421,40.7176,-74.0055
612,475,E 15 St & Irving Pl,1.83645273185804,40.7352,-73.9876
616,127,Barrow St & Hudson St,1.81428326709985,40.7317,-74.0067
617,3423,West Drive & Prospect Park West,1.81396960278793,40.6611,-73.9795
618,493,W 45 St & 6 Ave,1.81292436455637,40.7568,-73.9829
79,329,Greenwich St & North Moore St,1.81027473086413,40.7202,-74.0104
83,412,Forsyth St & Canal St,1.80745085724664,40.7158,-73.9942
84,251,Mott St & Prince St,1.80381228049138,40.7232,-73.9948
85,437,Macon St & Nostrand Ave,1.80177232020234,40.681,-73.95
86,3349,Grand Army Plaza & Plaza St West,1.79542859112267,40.673,-73.9709
87,3126,44 Dr & Jackson Ave,1.78078115504117,40.7472,-73.9433
88,3142,1 Ave & E 62 St,1.77776946569291,40.7612,-73.9609
622,3593,31 St & Broadway,1.77532147683431,40.7616,-73.9259
623,3516,31 St & Astoria Blvd,1.7724995679984,40.7699,-73.9184
624,498,Broadway & W 32 St,1.76815969439925,40.7485,-73.9881
625,157,Henry St & Atlantic Ave,1.75917475291092,40.6909,-73.9961
626,3526,31 St & 23 Ave,1.75889041707527,40.7748,-73.9126
89,442,W 27 St & 7 Ave,1.75060934664503,40.7466,-73.9939
90,401,Allen St & Rivington St,1.74662286958052,40.7202,-73.99
91,3429,Hanson Pl & Ashland Pl,1.73906146873346,40.6851,-73.9779
92,507,E 25 St & 2 Ave,1.73358734186542,40.7391,-73.9797
627,391,Clark St & Henry St,1.73338447111503,40.6976,-73.9934
628,161,LaGuardia Pl & W 3 St,1.73158124652585,40.7292,-73.9981
629,3374,Central Park North & Adam Clayton Powell Blvd,1.72716452220956,40.7995,-73.9556
630,3107,Bedford Ave & Nassau Ave,1.71786320996021,40.7231,-73.9521
631,509,9 Ave & W 22 St,1.71349289097563,40.7455,-74.002
93,3137,5 Ave & E 73 St,1.70310107350751,40.7728,-73.9669
94,237,E 11 St & 2 Ave,1.69990819965246,40.7305,-73.9867
95,375,Mercer St & Bleecker St,1.69495359472278,40.7268,-73.997
99,3165,Central Park West & W 72 St,1.69295753192124,40.7758,-73.976
101,445,E 10 St & Avenue A,1.68961546916689,40.7274,-73.9814
102,528,2 Ave & E 31 St,1.68060672605264,40.7429,-73.9771
103,529,W 42 St & 8 Ave,1.67804145124412,40.7576,-73.991
104,3140,1 Ave & E 78 St,1.65972570883442,40.7714,-73.9535
105,450,W 49 St & 8 Ave,1.64702246394028,40.7623,-73.9879
106,236,St Marks Pl & 2 Ave,1.64465636732021,40.7284,-73.9871
107,3182,Yankee Ferry Terminal,1.64334952918451,40.6869,-74.017
108,410,Suffolk St & Stanton St,1.64332439960617,40.7207,-73.9852
632,461,E 20 St & 2 Ave,1.63887538327214,40.7359,-73.9821
633,462,W 22 St & 10 Ave,1.63597707418922,40.7469,-74.0045
634,406,Hicks St & Montague St,1.63498841568135,40.6951,-73.996
635,465,Broadway & W 41 St,1.63073389511597,40.7551,-73.9866
636,486,Broadway & W 29 St,1.62654855791889,40.7462,-73.9886
637,466,W 25 St & 6 Ave,1.62626554417009,40.744,-73.9914
638,297,E 15 St & 3 Ave,1.62447111707543,40.7342,-73.9869
639,427,State St,1.62292302823959,40.7025,-74.0143
643,3166,Riverside Dr & W 72 St,1.61749925469389,40.7806,-73.9856
647,380,W 4 St & 7 Ave S,1.61096603780757,40.734,-74.0029
648,496,E 16 St & 5 Ave,1.61069307829034,40.7373,-73.9924
649,491,E 24 St & Park Ave S,1.6104421437729,40.741,-73.986
650,385,E 55 St & 2 Ave,1.60739196820223,40.758,-73.966
651,484,W 44 St & 5 Ave,1.59983746901381,40.755,-73.9801
652,531,Forsyth St & Broome St,1.59745130868747,40.7189,-73.9927
653,274,Lafayette Ave & Fort Greene Pl,1.59703652145827,40.6869,-73.9767
109,3168,Central Park West & W 85 St,1.58700816442861,40.7847,-73.9696
110,3167,Amsterdam Ave & W 73 St,1.5789347949354,40.7797,-73.9809
111,304,Broadway & Battery Pl,1.57357261234442,40.7046,-74.0136
112,458,11 Ave & W 27 St,1.5735588823679,40.7514,-74.0052
113,2022,E 60 St & York Ave,1.57212136878126,40.7585,-73.9592
654,483,E 12 St & 3 Ave,1.57030006092915,40.7322,-73.9889
655,3164,Columbus Ave & W 72 St,1.56385224882529,40.7771,-73.979
656,474,5 Ave & E 29 St,1.56008553193194,40.7452,-73.9868
657,488,W 39 St & 9 Ave,1.55626235473216,40.7565,-73.9937
117,300,Shevchenko Pl & E 6 St,1.55001386864266,40.7281,-73.9902
121,494,W 26 St & 8 Ave,1.54977729718338,40.7473,-73.9972
122,361,Allen St & Hester St,1.54371782958849,40.7161,-73.9919
123,526,E 33 St & 5 Ave,1.54199405272827,40.7477,-73.9849
124,301,E 2 St & Avenue B,1.53739256755092,40.7222,-73.9837
125,3156,E 72 St & York Ave,1.53217790117073,40.7666,-73.9535
126,414,Pearl St & Anchorage Pl,1.52746825945265,40.7028,-73.9877
127,307,Canal St & Rutgers St,1.51871406723987,40.7143,-73.9899
658,482,W 15 St & 7 Ave,1.51308298643321,40.7394,-73.9993
659,116,W 17 St & 8 Ave,1.5091768426148,40.7418,-74.0015
660,546,E 30 St & Park Ave S,1.50156724838777,40.7444,-73.983
661,3086,Graham Ave & Conselyea St,1.49484817338638,40.7151,-73.9445
662,428,E 3 St & 1 Ave,1.48967860529623,40.7247,-73.9878
663,348,W Broadway & Spring St,1.48848085280471,40.7249,-74.0015
664,3418,Plaza St West & Flatbush Ave,1.48387573212465,40.675,-73.9711
665,195,Liberty St & Broadway,1.47974059495451,40.7091,-74.0104
666,167,E 39 St & 3 Ave,1.47929764201381,40.7489,-73.976
128,270,Adelphi St & Myrtle Ave,1.47723394972859,40.6931,-73.9718
129,545,E 23 St & 1 Ave,1.47704975344356,40.7365,-73.9781
130,500,Broadway & W 51 St,1.47262386987441,40.7623,-73.9834
131,282,Kent Ave & S 11 St,1.47068257069857,40.7076,-73.9684
133,3092,Berry St & N 8 St,1.46383406955323,40.719,-73.9585
134,3113,Greenpoint Ave & Manhattan Ave,1.45699413141663,40.7303,-73.9539
135,345,W 13 St & 6 Ave,1.45620604489208,40.7365,-73.997
136,530,11 Ave & W 59 St,1.45120975266494,40.7715,-73.9905
137,389,Broadway & Berry St,1.45008229668491,40.7104,-73.9653
667,334,W 20 St & 7 Ave,1.4441222572461,40.7424,-73.9973
668,268,Howard St & Centre St,1.44269255889048,40.7191,-73.9997
669,441,E 52 St & 2 Ave,1.44188064015551,40.756,-73.9674
670,536,1 Ave & E 30 St,1.43421492959448,40.7414,-73.9754
671,433,E 13 St & Avenue A,1.43372695945405,40.7296,-73.9806
672,3143,5 Ave & E 78 St,1.43054330470763,40.7763,-73.9643
674,326,E 11 St & 1 Ave,1.4297479281823,40.7295,-73.9843
675,476,E 31 St & 3 Ave,1.42525615516199,40.7439,-73.9797
676,239,Willoughby St & Fleet St,1.41853285938068,40.692,-73.9813
138,233,Joralemon St & Adams St,1.41744258069387,40.6948,-73.9905
142,453,W 22 St & 8 Ave,1.4167603587278,40.7448,-73.9992
143,3158,W 63 St & Broadway,1.41388002450655,40.7716,-73.9826
144,405,Washington St & Gansevoort St,1.41367486299065,40.7393,-74.0081
145,265,Stanton St & Chrystie St,1.4076694686465,40.7223,-73.9915
146,503,E 20 St & Park Ave,1.40594609699383,40.7383,-73.9875
147,3318,2 Ave & E 96 St,1.39808863835712,40.784,-73.9472
148,501,FDR Drive & E 35 St,1.3980768529013,40.7442,-73.9712
677,147,Greenwich St & Warren St,1.39475491781169,40.7154,-74.0112
678,515,W 43 St & 10 Ave,1.39351338048441,40.7601,-73.9946
679,395,Bond St & Schermerhorn St,1.39350510644635,40.6881,-73.9841
680,478,11 Ave & W 41 St,1.39303670150611,40.7603,-73.9988
149,469,Broadway & W 53 St,1.38427721531339,40.7634,-73.9827
150,2021,W 45 St & 8 Ave,1.37377662882232,40.7593,-73.9886
151,258,DeKalb Ave & Vanderbilt Ave,1.37070948536535,40.6894,-73.9689
152,396,Lefferts Pl & Franklin Ave,1.35708595355815,40.6803,-73.9558
153,212,W 16 St & The High Line,1.3515206640409,40.7433,-74.0068
681,481,S 3 St & Bedford Ave,1.3515146676457,40.7126,-73.9626
682,439,E 4 St & 2 Ave,1.34509663122818,40.7263,-73.9898
683,3425,2 Ave & E 104 St,1.34480420113516,40.7892,-73.9437
687,471,Grand St & Havemeyer St,1.34238778151192,40.7129,-73.957
688,243,Fulton St & Rockwell Pl,1.34236395179335,40.688,-73.9785
690,3254,Soissons Landing,1.33826728977486,40.6923,-74.0149
691,336,Sullivan St & Washington Sq,1.33747071564813,40.7305,-73.9991
692,447,8 Ave & W 52 St,1.33490718806407,40.7637,-73.9852
492,164,E 47 St & 2 Ave,1.33353729212072,40.7532,-73.9703
493,485,W 37 St & 5 Ave,1.33295997050571,40.7504,-73.9834
494,3236,PABT Valet,1.31795077174341,40.759,-73.9938
498,261,Johnson St & Gold St,1.31648226530241,40.6947,-73.9836
154,3108,Nassau Ave & Russell St,1.3163711446967,40.7256,-73.9443
155,3125,45 Rd & 11 St,1.3138312716689,40.7471,-73.9498
156,438,St Marks Pl & 1 Ave,1.31243816246349,40.7278,-73.9856
157,434,9 Ave & W 18 St,1.31118801366888,40.7432,-74.0037
693,244,Willoughby Ave & Hall St,1.31025957988443,40.692,-73.9654
694,3398,Smith St & 9 St,1.30814518031604,40.6747,-73.9979
695,473,Rivington St & Chrystie St,1.30790463476292,40.7211,-73.9919
696,3110,Meserole Ave & Manhattan Ave,1.30729040133739,40.7271,-73.953
697,72,W 52 St & 11 Ave,1.30188348329527,40.7673,-73.9939
158,388,W 26 St & 10 Ave,1.30084645669551,40.7497,-74.003
159,363,West Thames St,1.29960618569763,40.7083,-74.0171
160,241,DeKalb Ave & S Portland Ave,1.29136908691076,40.6898,-73.9749
161,2008,Little West St & 1 Pl,1.29112316318441,40.7057,-74.0168
698,313,Washington Ave & Park Ave,1.28754151802739,40.6961,-73.9675
699,448,W 37 St & 10 Ave,1.28491243162846,40.7566,-73.9979
700,524,W 43 St & 6 Ave,1.2827949498676,40.7553,-73.9832
701,153,E 40 St & 5 Ave,1.27867179659313,40.7521,-73.9816
702,3074,Montrose Ave & Bushwick Ave,1.27836774506513,40.7077,-73.9402
162,3382,Carroll St & Smith St,1.27135857366375,40.6806,-73.9948
163,335,Washington Pl & Broadway,1.2679912906157,40.729,-73.994
164,3118,McGuinness Blvd & Eagle St,1.26736302641936,40.7356,-73.9528
165,355,Bayard St & Baxter St,1.26620674455966,40.716,-73.9997
703,317,E 6 St & Avenue B,1.26347102304797,40.7245,-73.9819
704,315,South St & Gouverneur Ln,1.26053561545909,40.7036,-74.0067
705,390,Duffield St & Willoughby St,1.25970930473478,40.6922,-73.9843
706,3368,5 Ave & 3 St,1.25957684184657,40.6728,-73.9835
707,392,Jay St & Tech Pl,1.25634375089787,40.6951,-73.9872
166,487,E 20 St & FDR Drive,1.24644756280387,40.7331,-73.9757
167,511,E 14 St & Avenue B,1.24639166922966,40.7294,-73.9777
168,495,W 47 St & 10 Ave,1.24260541779784,40.7627,-73.993
169,3115,India St & Manhattan Ave,1.24078372630616,40.7323,-73.9551
708,440,E 45 St & 3 Ave,1.23941099933419,40.7526,-73.9728
709,3159,W 67 St & Broadway,1.23759089117915,40.7749,-73.9827
710,2003,1 Ave & E 18 St,1.2347759594336,40.7342,-73.9802
712,3130,21 St & Queens Plaza North,1.23289893755303,40.7533,-73.9434
713,3232,Bond St & Fulton St,1.22447447573495,40.6896,-73.983
170,3255,8 Ave & W 31 St,1.22088304720655,40.7506,-73.9947
171,522,E 51 St & Lexington Ave,1.21893750013186,40.7571,-73.9721
172,470,W 20 St & 8 Ave,1.21794986318819,40.7435,-74
173,377,6 Ave & Canal St,1.21618487027351,40.7224,-74.0057
174,3383,Cathedral Pkwy & Broadway,1.21491993360029,40.8042,-73.967
714,508,W 46 St & 11 Ave,1.21491120584287,40.7634,-73.9967
715,365,Fulton St & Grand Ave,1.21299792019818,40.6822,-73.9615
716,383,Greenwich Ave & Charles St,1.21031522837608,40.7352,-74.0003
717,3163,Central Park West & W 68 St,1.20482513830148,40.7734,-73.9778
175,257,Lispenard St & Broadway,1.20111597358857,40.7194,-74.0025
176,386,Centre St & Worth St,1.19942651308922,40.7149,-74.0023
177,3282,5 Ave & E 88 St,1.19401243298484,40.7831,-73.9594
178,456,E 53 St & Madison Ave,1.19283989514674,40.7597,-73.974
179,3285,W 87 St  & Amsterdam Ave,1.18679874060484,40.7884,-73.9747
183,416,Cumberland St & Lafayette Ave,1.18597067206558,40.6875,-73.9727
184,344,Monroe St & Bedford Ave,1.17975647172086,40.6851,-73.9538
185,3116,Huron St & Franklin St,1.17939856855592,40.7327,-73.9583
186,174,E 25 St & 1 Ave,1.17879156125746,40.7382,-73.9774
187,325,E 19 St & 3 Ave,1.17502258258895,40.7362,-73.9847
188,321,Cadman Plaza E & Red Cross Pl,1.17343391059312,40.6999,-73.9897
189,346,Bank St & Hudson St,1.168135086706,40.7365,-74.0062
190,480,W 53 St & 10 Ave,1.16764063122663,40.7667,-73.9906
191,303,Mercer St & Spring St,1.1646036021867,40.7236,-73.9995
192,3064,Myrtle Ave & Lewis Ave,1.16125573371412,40.6968,-73.9376
193,3242,Schermerhorn St & Court St,1.15699304397971,40.691,-73.9918
194,2012,E 27 St & 1 Ave,1.15625299105715,40.7394,-73.9768
195,2010,Grand St & Greene St,1.150728806658,40.7217,-74.0023
196,353,S Portland Ave & Hanson Pl,1.14944687274906,40.6854,-73.9743
197,3373,3 St & 3 Ave,1.14692796634777,40.6751,-73.9878
198,3416,7 Ave & Park Pl,1.14627606149054,40.6776,-73.9732
199,3233,E 48 St & 5 Ave,1.14595461003137,40.7572,-73.9781
718,311,Norfolk St & Broome St,1.14441648778874,40.7172,-73.988
719,422,W 59 St & 10 Ave,1.14400927823022,40.7705,-73.988
720,3087,Metropolitan Ave & Meeker Ave,1.13694822385436,40.7141,-73.9523
721,352,W 56 St & 6 Ave,1.13607959210853,40.7634,-73.9772
200,3305,E 91 St & 2 Ave,1.13591853067731,40.7811,-73.9497
201,455,1 Ave & E 44 St,1.13585851775894,40.75,-73.9691
202,354,Emerson Pl & Myrtle Ave,1.12921736214008,40.6936,-73.9622
203,3197,Hs Don't Use,1.12401962372509,40.7193,-74.0342
204,3346,Berkeley Pl & 7 Ave,1.12318579813314,40.6751,-73.9752
722,3354,3 St & Prospect Park West,1.11980130571325,40.6681,-73.9736
723,3111,Norman Ave & Leonard St - 2,1.11902331066353,40.7258,-73.9506
727,3402,Court St & State St,1.11838817743477,40.6902,-73.992
205,228,E 48 St & 3 Ave,1.11663096921493,40.7546,-73.9719
206,415,Pearl St & Hanover Square,1.11523141409003,40.7047,-74.0093
207,309,Murray St & West St,1.11383324908126,40.715,-74.013
208,3351,E 102 St & 1 Ave,1.11255556144,40.787,-73.9416
209,418,Front St & Gold St,1.10566793887798,40.7022,-73.9826
728,306,Cliff St & Fulton St,1.10551998131373,40.7082,-74.0053
729,364,Lafayette Ave & Classon Ave,1.10511587003216,40.689,-73.9602
730,296,Division St & Bowery,1.10387789010391,40.7141,-73.997
731,350,Clinton St & Grand St,1.09025721244017,40.7156,-73.987
210,3602,31 Ave & 34 St,1.08886401910316,40.7632,-73.9208
211,3170,W 84 St & Columbus Ave,1.08796196949846,40.785,-73.9728
212,3488,8D QC Station 01,1.08648024429101,45.5064,-73.5695
213,394,E 9 St & Avenue C,1.08491379984568,40.7252,-73.9777
214,3106,Driggs Ave & N Henry St,1.08430928355755,40.7233,-73.9431
732,3096,Union Ave & N 12 St,1.08395427197253,40.7192,-73.9524
733,343,Clinton Ave & Flushing Ave,1.08281552500517,40.6979,-73.9699
734,3616,Steinway St & 28 Ave,1.06644946008383,40.7656,-73.9137
735,253,W 13 St & 5 Ave,1.06396119950803,40.7354,-73.9945
736,252,MacDougal St & Washington Sq,1.05791431138048,40.7323,-73.9985
215,330,Reade St & Broadway,1.05692788956533,40.7145,-74.0056
216,328,Watts St & Greenwich St,1.05400483328596,40.7241,-74.0097
217,322,Clinton St & Tillary St,1.05375106166245,40.6962,-73.9912
218,525,W 34 St & 11 Ave,1.05320264561545,40.7559,-74.0021
737,267,Broadway & W 36 St,1.05003274415803,40.751,-73.9877
738,513,W 56 St & 10 Ave,1.04993540355373,40.7683,-73.9886
739,3160,Central Park West & W 76 St,1.04665810994678,40.779,-73.9737
740,3335,Union St & 4 Ave,1.04427890609743,40.6773,-73.9828
741,3223,E 55 St & 3 Ave,1.04261341753091,40.759,-73.9687
219,280,E 10 St & 5 Ave,1.03390331818645,40.7333,-73.9951
220,3323,W 106 St & Central Park West,1.03383417393522,40.7982,-73.9606
221,449,W 52 St & 9 Ave,1.03218355743768,40.7646,-73.9879
222,259,South St & Whitehall St,1.02961267858446,40.7012,-74.0123
742,3171,Amsterdam Ave & W 82 St,1.01886635230809,40.7852,-73.9767
743,423,W 54 St & 9 Ave,1.01751354868971,40.7658,-73.9869
744,3145,E 84 St & Park Ave,1.01412958529652,40.7786,-73.9577
745,3295,Central Park W & W 96 St,1.01374933846249,40.7913,-73.9648
746,225,W 14 St & The High Line,1.00564843324022,40.742,-74.008
223,3572,34 Ave & 38 St,1.00395512419047,40.7569,-73.9216
224,146,Hudson St & Reade St,1.00298006283885,40.7163,-74.0091
225,3440,Fulton St & Adams St,1.00228803234578,40.6924,-73.9895
228,3000,MLSWKiosk,1.00099165840296,40.7555,-73.9865
229,3239,Bressler,1.00099165840295,40.6465,-74.0166
230,3224,W 13 St & Hudson St,0.993878100206915,40.74,-74.0051
231,79,Franklin St & W Broadway,0.992835474300435,40.7191,-74.0067
499,510,W 51 St & 6 Ave,0.989801323324022,40.7607,-73.9804
500,3101,N 12 St & Bedford Ave,0.98979134745146,40.7208,-73.9548
501,399,Lafayette Ave & St James Pl,0.989226332767926,40.6885,-73.9648
502,3104,Kent Ave & N 7 St,0.98885924157737,40.7206,-73.9615
747,238,Bank St & Washington St,0.983757425485899,40.7362,-74.0086
748,3367,5 Ave & E 103 St,0.980570858943397,40.7923,-73.9525
749,3568,34 St & 35 Ave,0.978395494756393,40.7569,-73.9262
750,263,Elizabeth St & Hester St,0.977837331885731,40.7173,-73.9964
752,3650,8D Mobile 01,0.977308301471332,45.5059,-73.5691
753,3614,Crescent St & 30 Ave,0.97708765363159,40.7687,-73.925
754,3555,28 St & 41 Ave,0.975880539782025,40.751,-73.938
755,318,E 43 St & Vanderbilt Ave,0.975581417436031,40.7532,-73.978
232,502,Henry St & Grand St,0.973077407146423,40.7142,-73.9813
233,351,Front St & Maiden Ln,0.970608213303208,40.7053,-74.0061
234,3365,3 St & 7 Ave,0.970093413434847,40.6704,-73.9784
235,3319,14 St & 5 Ave,0.966863784022117,40.6663,-73.989
236,3403,4 Ave & 9 St,0.96578842883952,40.6705,-73.9888
756,3177,W 84 St & Broadway,0.964712721875548,40.7868,-73.9771
757,264,Maiden Ln & Pearl St,0.96447824015626,40.7071,-74.0073
758,357,E 11 St & Broadway,0.959972159444831,40.7326,-73.9916
759,3134,3 Ave & E 62 St,0.95617437731344,40.7631,-73.9653
760,3532,Ditmars Blvd & 19 St,0.954619838140679,40.7814,-73.9183
761,3414,Bergen St & Flatbush Ave,0.9538600001571,40.6809,-73.9757
762,2023,E 55 St & Lexington Ave,0.953330658212728,40.7597,-73.9703
763,3109,Banker St & Meserole Ave,0.952665527987383,40.7261,-73.9562
764,120,Lexington Ave & Classon Ave,0.952442635808001,40.6868,-73.9593
506,3151,E 81 St & York Ave,0.952313039218826,40.7728,-73.9499
507,3361,Carroll St & 6 Ave,0.951304556582792,40.6741,-73.9787
508,3304,6 Ave & 9 St,0.950988861365618,40.6681,-73.9838
509,295,Pike St & E Broadway,0.949239738862178,40.7141,-73.9929
510,369,Washington Pl & 6 Ave,0.946545481482358,40.7322,-74.0003
237,152,Warren St & Church St,0.944011152877108,40.7147,-74.0091
238,223,W 13 St & 7 Ave,0.94197830440885,40.7378,-73.9999
239,3122,48 Ave & 5 St,0.940943725268854,40.7444,-73.9559
240,3036,8D OPS 01,0.939186429446524,40.518,-74.0314
765,3238,E 80 St & 2 Ave,0.937106222625597,40.7739,-73.9544
766,376,John St & William St,0.936534300551993,40.7086,-74.0072
767,367,E 53 St & Lexington Ave,0.935734384110688,40.7583,-73.9707
768,360,William St & Pine St,0.934517374112556,40.7072,-74.0089
769,3161,W 76 St & Columbus Ave,0.932347358582606,40.7802,-73.9773
243,3102,Driggs Ave & Lorimer St,0.927381998196504,40.7218,-73.9504
244,3180,Brooklyn Bridge Park - Pier 2,0.925986547918704,40.6988,-73.9971
245,3150,E 85 St & York Ave,0.925610258022931,40.7754,-73.948
246,3364,Carroll St & 5 Ave,0.922735533317945,40.6752,-73.9815
770,397,Fulton St & Clermont Ave,0.922685572088361,40.6842,-73.9692
771,403,E 2 St & 2 Ave,0.920349125568154,40.725,-73.9907
772,3301,Columbus Ave & W 95 St,0.918936466762883,40.792,-73.9681
773,3300,Prospect Park West & 8 St,0.916552256262841,40.6651,-73.9764
774,316,Fulton St & William St,0.913268980356374,40.7096,-74.0065
247,3517,31 St & Hoyt Ave N,0.911772897744965,40.7712,-73.917
248,3103,N 11 St & Wythe Ave,0.911299321462575,40.7215,-73.9578
249,454,E 51 St & 1 Ave,0.909057455483817,40.7546,-73.9659
250,3315,Henry St & Degraw St,0.900246949012112,40.6848,-73.9992
775,232,Cadman Plaza E & Tillary St,0.898242847586916,40.696,-73.9901
776,3314,W 95 St & Broadway,0.897543020446461,40.7938,-73.9719
777,275,Washington Ave & Greene Ave,0.896895797202087,40.6865,-73.9656
778,3082,Hope St & Union Ave,0.893170791979561,40.7117,-73.9514
779,3400,E 110 St & Madison Ave,0.892002079679318,40.7962,-73.9478
251,3135,E 75 St & 3 Ave,0.890282518552118,40.7711,-73.9577
252,3427,Lafayette St & Jersey St,0.888540790750487,40.7243,-73.996
253,3417,Baltic St & 5 Ave,0.888049463558705,40.6796,-73.9785
254,262,Washington Park,0.887825737134321,40.6918,-73.9737
780,420,Clermont Ave & Lafayette Ave,0.887529885140205,40.6876,-73.9697
781,3619,Newtown Ave & 23 St,0.884317317640416,40.7714,-73.9246
782,463,9 Ave & W 16 St,0.883999685394366,40.7421,-74.0044
783,3155,Lexington Ave & E 63 St,0.882886849542436,40.7644,-73.9665
784,3443,W 52 St & 6 Ave,0.881452469270819,40.7613,-73.9798
785,3226,W 82 St & Central Park West,0.879969428476924,40.7828,-73.9714
786,3175,W 70 St & Amsterdam Ave,0.879607421715474,40.7775,-73.9829
787,3173,Riverside Blvd & W 67 St,0.878855265391144,40.7775,-73.9889
788,3480,WS Don't Use,0.878165130040192,0,0
789,362,Broadway & W 37 St,0.876727952375461,40.7517,-73.9875
790,3336,E 97 St & Madison Ave,0.874989015378158,40.7878,-73.9536
791,3052,Lewis Ave & Madison St,0.874270148965315,40.6863,-73.9358
792,150,E 2 St & Avenue C,0.872637331470376,40.7209,-73.9809
793,254,W 11 St & 6 Ave,0.8700859874134,40.7353,-73.998
255,3507,Park Ave & E 124 St,0.868004676436145,40.8046,-73.9397
256,3117,Franklin St & Dupont St,0.867498596227644,40.7356,-73.9587
257,3310,14 St & 7 Ave,0.867212729397439,40.6638,-73.984
258,337,Old Slip & Front St,0.866372681012567,40.7038,-74.0084
259,3121,Jackson Ave & 46 Rd,0.865063488884464,40.7452,-73.9473
260,3592,Crescent St & Broadway,0.860283739503401,40.7634,-73.9286
261,3085,Roebling St & N 4 St,0.858882748817404,40.7147,-73.9574
262,271,Ashland Pl & Hanson Pl,0.855928013901207,40.6852,-73.978
264,3518,Lenox Ave & W 126 St,0.851197932888345,40.8084,-73.9452
794,443,Bedford Ave & S 9th St,0.850558650969314,40.7085,-73.9641
798,224,Spruce St & Nassau St,0.848806159116509,40.7115,-74.0055
799,3408,Congress St & Clinton St,0.848422605819179,40.6882,-73.9952
800,3132,E 59 St & Madison Ave,0.844657868241543,40.7635,-73.9711
265,247,Perry St & Bleecker St,0.844308779827195,40.7354,-74.0048
266,3617,28 Ave & 35 St,0.844278862989675,40.7671,-73.917
267,308,St James Pl & Oliver St,0.843066241564834,40.7131,-73.9985
268,3245,Kiosk in a box Motivate,0.842981475436616,40.7164,-73.9823
277,3384,Smith St & 3 St,0.841083416202484,40.6787,-73.996
278,3415,Prospect Pl & 6 Ave,0.836588785086376,40.6793,-73.9752
279,3379,E 103 St & Lexington Ave,0.833014663647682,40.7903,-73.9476
801,409,DeKalb Ave & Skillman St,0.832188098801762,40.6906,-73.9564
802,3078,Broadway & Roebling St,0.831551394251736,40.7092,-73.9606
804,3420,Douglass St & 3 Ave,0.831162407755352,40.6802,-73.9843
805,3256,Pier 40 - Hudson River Park,0.825921440103219,40.7277,-74.0113
806,3306,10 St & 7 Ave,0.821911245854107,40.6662,-73.982
807,3146,E 81 St & 3 Ave,0.820434211417093,40.7757,-73.9568
808,3610,Vernon Blvd & 30 Rd,0.818734565624521,40.7708,-73.9342
809,3419,Douglass St & 4 Ave,0.817805706212554,40.6793,-73.9815
810,516,E 47 St & 1 Ave,0.816146536269656,40.7521,-73.9678
280,276,Duane St & Greenwich St,0.815960584125126,40.7175,-74.0105
281,2004,6 Ave & Broome St,0.81578957434542,40.7244,-74.0047
282,3470,Gowanus Tech Station,0.815534492941815,40.6698,-73.9949
811,3162,W 78 St & Broadway,0.813523122978617,40.7834,-73.9809
812,144,Nassau St & Navy St,0.811598863159995,40.6984,-73.9807
813,3350,W 100 St & Broadway,0.811271962086359,40.7974,-73.9704
814,3435,Grand St & Elizabeth St,0.807889678602998,40.7188,-73.996
815,373,Willoughby Ave & Walworth St,0.80543669310554,40.6933,-73.9538
286,3396,Clinton St & 4 Place,0.80295937265207,40.6784,-74.0001
287,3347,Van Brunt St & Wolcott St,0.798340676548661,40.6773,-74.0128
288,3411,Bond St & Bergen St,0.798190844407426,40.685,-73.9862
289,3286,E 89 St & 3 Ave,0.796564475287769,40.7806,-73.9522
816,436,Hancock St & Bedford Ave,0.791158222567099,40.6822,-73.954
817,3266,Kiosk in a box Deployment,0.790885552144295,40.7086,-73.9285
818,2001,7 Ave & Farragut St,0.790512177807473,40.6998,-73.9799
822,3321,Clinton St & Union St,0.787974194120762,40.6831,-73.9979
290,3077,Stagg St & Union Ave,0.78779152300899,40.7088,-73.951
291,349,Rivington St & Ridge St,0.785907163502378,40.7185,-73.9833
292,3370,E 78 St & 2 Ave,0.785685931269742,40.7728,-73.9558
823,3100,Nassau Ave & Newell St,0.778437647978716,40.7248,-73.9475
824,3148,E 84 St & 1 Ave,0.774036882011224,40.7757,-73.9507
825,3358,Garfield Pl & 8 Ave,0.773939100979136,40.6712,-73.9748
826,3288,E 88 St & 1 Ave,0.769525624443915,40.7783,-73.9488
827,3042,Fulton St & Utica Ave,0.768906327843423,40.6794,-73.9299
296,3169,Riverside Dr & W 82 St,0.767965481053549,40.7872,-73.9813
297,3422,Columbia St & Degraw St,0.767944561141314,40.6859,-74.0024
298,137,E 56 St & Madison Ave,0.765220842638958,40.7616,-73.9729
299,3389,Carroll St & Columbia St,0.763203587167229,40.683,-74.0035
300,3570,35 Ave & 37 St,0.761941353916362,40.7557,-73.9237
828,3524,19 St & 24 Ave,0.761856552251754,40.7775,-73.9225
829,393,E 5 St & Avenue C,0.760148305367389,40.723,-73.98
830,3136,5 Ave & E 63 St,0.754296307338308,40.7665,-73.9715
832,3298,Warren St & Court St,0.75387014129644,40.6864,-73.9938
301,356,Bialystoker Pl & Delancey St,0.75033054561002,40.7162,-73.9826
302,3397,Court St & Nelson St,0.74872049807901,40.6764,-73.9987
303,3595,35 St & Broadway,0.748162061045182,40.7603,-73.9222
304,3068,Humboldt St & Varet St,0.747884239689204,40.7032,-73.9406
305,407,Henry St & Poplar St,0.747500341457637,40.7005,-73.9915
833,249,Harrison St & Hudson St,0.746043511161563,40.7187,-74.009
834,2009,Catherine St & Monroe St,0.738915185347431,40.7112,-73.9968
835,3308,Kane St & Clinton St,0.734565016961292,40.6862,-73.9965
836,534,Water - Whitehall Plaza,0.732410143906053,40.7026,-74.0127
306,404,9 Ave & W 14 St,0.732234622551288,40.7406,-74.0055
307,3360,Amsterdam Ave & W 79 St,0.732110923941936,40.7829,-73.9787
308,489,10 Ave & W 28 St,0.731022611276284,40.7507,-74.0018
309,3320,Central Park West & W 100 St,0.729850522097238,40.7934,-73.9636
310,3293,W 92 St & Broadway,0.724665150958335,40.7921,-73.9739
837,3083,Bushwick Ave & Powers St,0.722958298232628,40.7125,-73.941
838,278,Concord St & Bridge St,0.72206227895869,40.6977,-73.9848
839,294,Washington Square E,0.720648175982171,40.7305,-73.9957
840,3172,W 74 St & Columbus Ave,0.719300257279548,40.7786,-73.9775
311,3139,E 72 St & Park Ave,0.719234038812923,40.7712,-73.9643
313,3339,Berkeley Pl & 6 Ave,0.718749721842798,40.6765,-73.9785
314,3530,Crescent St & Ditmars Blvd,0.716219331762819,40.7787,-73.9146
315,3231,E 67 St & Park Ave,0.71551973746509,40.7678,-73.9659
316,3515,24 Ave & 26 St,0.715438961037022,40.7746,-73.9185
841,3377,Carroll St & Bond St,0.710900209174412,40.6786,-73.9904
842,3062,Myrtle Ave & Marcy Ave,0.710506281196,40.6954,-73.9495
843,3591,21 St & 31 Dr,0.705047677509972,40.7659,-73.9308
844,3292,5 Ave & E 93 St,0.704988251667875,40.7858,-73.9575
317,3404,7 St & 5 Ave,0.704213375596696,40.6705,-73.9854
318,3311,Columbia St & Kane St,0.70124536465711,40.6876,-74.0016
319,340,Madison St & Clinton St,0.700834600946081,40.7127,-73.9878
320,3127,9 St & 44 Rd,0.698667046407036,40.7497,-73.9521
321,3605,31 Ave & Crescent St,0.698288929645942,40.7658,-73.9265
845,3312,1 Ave & E 94 St,0.69654887909173,40.7817,-73.9459
846,3563,28 St & 36 Ave,0.695111840635997,40.7572,-73.9327
847,3047,Halsey St & Tompkins Ave,0.693068969573679,40.6824,-73.9441
848,3344,Pioneer St & Van Brunt St,0.68996718929056,40.679,-74.0112
322,3290,E 89 St & York Ave,0.689688865508361,40.7779,-73.946
323,3260,Mercer St & Bleecker St,0.689666151818497,40.7271,-73.9966
324,3353,Reed St & Van Brunt St,0.689344873235065,40.6748,-74.0161
325,3243,E 58 St & 1 Ave,0.687428465102184,40.7589,-73.9623
326,3244,University Pl & E 8 St,0.687334054292484,40.7314,-73.9949
849,3509,Lenox Ave & W 115 St,0.68699269673064,40.8012,-73.9501
850,342,Columbia St & Rivington St,0.686362410517489,40.7174,-73.9802
851,3372,E 74 St & 1 Ave,0.686355355045748,40.769,-73.9548
852,3497,Pleasant Ave & E 116 St,0.685927644083234,40.795,-73.9333
327,3407,Union St & Nevins St,0.68243186288053,40.6791,-73.9877
328,3076,Scholes St & Manhattan Ave,0.680495169858841,40.7087,-73.9449
329,3222,Hanson Pl & St Felix St,0.680198220990514,40.6852,-73.9771
330,419,Carlton Ave & Park Ave,0.679307489779681,40.6958,-73.9736
331,3067,Broadway & Whipple St,0.678539553353018,40.7017,-73.9437
853,3584,Eastern Pkwy & Franklin Ave,0.67791560030074,40.6708,-73.9577
854,260,Broad St & Bridge St,0.677820448756142,40.7037,-74.0117
855,3597,43 St & Broadway,0.677033096842065,40.7577,-73.9166
856,538,E 48 St & Madison Ave,0.674700257567075,40.7567,-73.9767
332,216,Columbia Heights & Cranberry St,0.669397505719678,40.7004,-73.9955
333,3522,37 St & 24 Ave,0.66123959410362,40.7701,-73.9121
334,302,Avenue D & E 3 St,0.659195398975856,40.7208,-73.9779
335,3329,Degraw St & Smith St,0.658863164139756,40.6829,-73.9932
860,3235,E 41 St & Madison Ave,0.655526329924684,40.7522,-73.9799
861,3428,8 Ave & W 16 St,0.655021605785035,40.741,-74.0017
862,372,Franklin Ave & Myrtle Ave,0.654782483014763,40.6945,-73.9581
864,290,2 Ave & E 58 St,0.65378454787847,40.7602,-73.9648
865,411,E 6 St & Avenue D,0.653252287848941,40.7223,-73.9767
866,3057,Kosciuszko St & Tompkins Ave,0.653063969454409,40.6913,-73.9452
867,3176,W 64 St & West End Ave,0.649644833034903,40.7745,-73.9875
868,408,Market St & Cherry St,0.64961282648478,40.7108,-73.994
869,3508,St Nicholas Ave & Manhattan Ave,0.649044771312318,40.8097,-73.9531
336,291,Madison St & Montgomery St,0.646926115431849,40.7131,-73.9848
337,3588,Vernon Blvd & 10 St,0.646627165620234,40.7672,-73.9374
338,3603,31 Ave & 30 St,0.64445976272639,40.7647,-73.924
339,3529,Lenox Ave & W 130 St,0.644120012612415,40.8108,-73.9431
340,332,Cherry St,0.643725278738997,40.7122,-73.9795
870,3430,Richardson St & N Henry St,0.643126357743051,40.7191,-73.9422
871,3514,Astoria Park S & Shore Blvd,0.642820383497258,40.7767,-73.9276
872,3297,6 St & 7 Ave,0.641766966664281,40.6687,-73.9799
873,3081,Graham Ave & Grand St,0.636112364029777,40.7119,-73.944
341,3589,Broadway & 12 St,0.635361404157244,40.7668,-73.9348
342,3094,Graham Ave & Withers St,0.634920918844049,40.717,-73.9449
343,3178,Riverside Dr & W 78 St,0.634903586940901,40.7841,-73.9836
344,2017,E 43 St & 2 Ave,0.631821714784479,40.7502,-73.9712
345,341,Stanton St & Mangin St,0.6303005758345,40.7178,-73.9763
874,3050,Putnam Ave & Throop Ave,0.628348240477471,40.6852,-73.9411
875,3259,9 Ave & W 28 St,0.628338427008257,40.7494,-73.9992
876,3324,3 Ave & 14 St,0.626785960479572,40.6685,-73.9933
877,3328,W 100 St & Manhattan Ave,0.62625323211701,40.795,-73.9645
346,3390,E 109 St & 3 Ave,0.623861502805686,40.7933,-73.9432
347,3317,10 St & 5 Ave,0.620697851917558,40.6686,-73.987
348,3080,S 4 St & Rodney St,0.620621404229816,40.7093,-73.9561
349,3609,Vernon Blvd & 31 Ave,0.61703497877601,40.7692,-73.9355
350,3241,Monroe St & Tompkins Ave,0.610484908766011,40.6862,-73.9447
878,421,Clermont Ave & Park Ave,0.609737992519716,40.6957,-73.9713
879,3283,W 89 St & Columbus Ave,0.608301025824915,40.7882,-73.9704
880,3258,W 27 St & 10 Ave,0.607369869389628,40.7502,-74.0022
881,331,Pike St & Monroe St,0.604942176362251,40.7117,-73.9919
351,512,W 29 St & 9 Ave,0.603932045586744,40.7501,-73.9984
352,3553,Frederick Douglass Blvd & W 112 St,0.603437348817802,40.8017,-73.9571
353,3412,Pacific St & Nevins St,0.600726875850337,40.6854,-73.983
354,3088,Union Ave & Jackson St,0.599124248558357,40.7161,-73.952
355,3054,Greene Ave & Throop Ave,0.597989738409722,40.6895,-73.9421
882,289,Monroe St & Classon Ave,0.596485018293608,40.6846,-73.9588
883,3331,Riverside Dr & W 104 St,0.595942110255335,40.8013,-73.9711
884,3345,Madison Ave & E 99 St,0.595747540651047,40.7895,-73.9524
885,3341,Central Park West & W 102 St,0.594788697666245,40.7953,-73.9619
356,3303,Butler St & Court St,0.592720811666946,40.685,-73.9944
357,3598,Newton Rd & 44 St,0.590694582445977,40.7596,-73.9143
358,3523,24 Ave & 29 St,0.588112571610964,40.7729,-73.9161
359,3357,W 106 St & Amsterdam Ave,0.58767099393283,40.8008,-73.9664
360,245,Myrtle Ave & St Edwards St,0.586237441065935,40.6933,-73.977
886,3521,Lenox Ave & W 111 St,0.58402579449067,40.7988,-73.9523
887,3221,47 Ave & 31 St,0.582538199300865,40.743,-73.9356
888,3307,West End Ave & W 94 St,0.581296284193225,40.7942,-73.9741
889,3348,Coffey St & Conover St,0.578682195501099,40.6772,-74.0157
890,3071,Boerum St & Broadway,0.577782951178783,40.7054,-73.9498
361,3556,24 St & 41 Ave,0.577586127411433,40.7527,-73.9397
362,3123,31 St & Thomson Ave,0.576356149197179,40.7447,-73.9354
363,3388,President St & Henry St,0.576170479048973,40.6828,-73.9999
364,3561,37 Ave & 35 St,0.57584462705978,40.7531,-73.928
365,3055,Greene Ave & Nostrand Ave,0.575094023786022,40.6883,-73.9509
366,3378,E 76 St & Park Ave,0.572337907724097,40.7738,-73.9622
367,3313,6 Ave & 12 St,0.569000892538532,40.6663,-73.9855
368,3534,Frederick Douglass Blvd & W 117 St,0.568135476856807,40.8052,-73.9547
369,3056,Kosciuszko St & Nostrand Ave,0.567339013027077,40.6907,-73.9513
891,3338,2 Ave & E 99 St,0.565819958753892,40.7863,-73.9455
892,3181,Soissons Landing,0.56274980923328,40.6926,-74.0164
893,3157,East End Ave & E 86 St,0.5618289069963,40.7752,-73.9445
894,3343,W 107 St & Columbus Ave,0.561048804224306,40.7998,-73.9621
895,3046,Marcus Garvey Blvd & Macon St,0.559209235339604,40.6826,-73.938
896,3453,Devoe St & Lorimer St,0.557675017062874,40.7134,-73.9491
897,3249,Verona Pl & Fulton St,0.556884616121466,40.6804,-73.9477
898,3381,3 St & Hoyt St,0.55425416450387,40.6777,-73.9936
899,3066,Tompkins Ave & Hopkins St,0.551146445669627,40.6996,-73.9471
900,160,E 37 St & Lexington Ave,0.550524974825459,40.7482,-73.9783
903,3362,Madison Ave & E 82 St,0.550212918790803,40.7781,-73.9607
904,3528,Steinway St & 23 Ave,0.549966166966953,40.7714,-73.9077
905,3058,Lewis Ave & Kosciuszko St,0.549660411855837,40.6924,-73.9371
370,3386,1 Pl & Clinton St,0.548764197826214,40.681,-73.9991
371,3478,2 Ave & 36 St - Citi Bike HQ at Industry City,0.547511583148248,40.6571,-74.0087
372,3413,Wyckoff St & 3 Ave,0.546786453383679,40.6828,-73.9826
373,3246,Montague St & Clinton St,0.546106397693479,40.6943,-73.9923
374,3447,E 71 St & 1 Ave,0.545516088413739,40.767,-73.9562
906,3128,21 St & 43 Ave,0.544533830888679,40.7505,-73.9459
907,3405,5 St & 6 Ave,0.544372010252851,40.6705,-73.9821
908,3041,Kingston Ave & Herkimer St,0.541656173364075,40.6789,-73.9414
909,3040,GOW Tech Shop,0.540799575529099,40.6467,-74.0163
375,3095,Graham Ave & Herbert St,0.539797125724985,40.7193,-73.945
376,3366,West End Ave & W 107 St,0.537922766129554,40.8021,-73.9682
377,82,St James Pl & Pearl St,0.534479774740254,40.7112,-74.0002
378,3363,E 102 St & Park Ave,0.531866113479868,40.7905,-73.9503
913,3049,Cambridge Pl & Gates Ave,0.531201525007791,40.6849,-73.963
914,3069,Lorimer St & Broadway,0.526925192947848,40.7041,-73.9482
915,3513,21 St & Hoyt Ave S,0.525741810270198,40.7746,-73.9237
916,3342,Pioneer St & Richards St,0.525637515461239,40.6778,-74.0095
379,3091,Frost St & Meeker St,0.525415014306763,40.7176,-73.9488
380,3325,E 95 St & 3 Ave,0.524065919638612,40.7849,-73.9505
381,298,3 Ave & Schermerhorn St,0.522405302926163,40.6868,-73.9797
382,3294,E 91 St & Park Ave,0.521330393394128,40.7835,-73.9553
383,3131,E 68 St & 3 Ave,0.521291581262742,40.7671,-73.9622
917,3458,W 55 St & 6 Ave,0.519196200515378,40.7631,-73.9784
918,3387,E 106 St & Madison Ave,0.51859784536316,40.7934,-73.9495
919,3410,Dean St & Hoyt St,0.517443978327581,40.6864,-73.9876
920,3060,Willoughby Ave & Tompkins Ave,0.517276045244403,40.6943,-73.9463
384,3573,35 St & 34 Ave,0.516603026308375,40.7581,-73.9243
385,3562,Classon Ave & St Marks Ave,0.516479021802502,40.6765,-73.9596
386,3536,W 116 St & Broadway,0.514179096811835,40.8082,-73.9641
387,3560,28 St & 38 Ave,0.5140814528818,40.7549,-73.9343
388,3105,N 15 St & Wythe Ave,0.513605775744923,40.7241,-73.9557
921,3073,Division Ave & Hooper St,0.509173306126902,40.7069,-73.9544
922,3525,23 Ave & 27 St,0.509170673349992,40.7762,-73.9153
923,3399,7 St & 3 Ave,0.508931635993603,40.6726,-73.9898
924,3322,12 St & 4 Ave,0.507871653171361,40.6686,-73.9904
925,3391,E 106 St & 1 Ave,0.506713265446856,40.7893,-73.9396
389,3577,34 Ave & 21 St,0.506514643292446,40.7628,-73.9343
390,3533,St. Nicholas Ave & W 126 St,0.505956717014652,40.8114,-73.9519
391,266,Avenue D & E 8 St,0.501111386561821,40.7237,-73.9757
392,3565,36 Ave & 10 St,0.499799783346986,40.7614,-73.9411
926,3599,Franklin Ave & Empire Blvd,0.49681698296625,40.6631,-73.9606
927,3048,Putnam Ave & Nostrand Ave,0.496781698079511,40.684,-73.9498
928,3376,E 65 St & 2 Ave,0.49525877845575,40.7647,-73.9622
929,3284,E 88 St & Park Ave,0.494290794224588,40.7814,-73.956
930,3431,E 35 St & 3 Ave,0.493793410113537,40.7465,-73.9779
393,248,Laight St & Hudson St,0.493586797140527,40.7219,-74.0077
394,3072,Leonard St & Boerum St,0.488559712812624,40.7058,-73.9464
395,3542,Amsterdam Ave & W 119 St,0.487402481183235,40.8086,-73.9596
396,3566,Crescent St & 35 Ave,0.486991246942926,40.7596,-73.9321
931,3576,Park Pl & Vanderbilt Ave,0.485313758225506,40.6767,-73.969
932,3547,Broadway & Moylan Pl,0.483399211291202,40.8143,-73.959
933,3612,30 Ave & 21 St,0.479141796842322,40.7704,-73.9286
934,3230,Penn Station Valet,0.477934972202425,40.7513,-73.9969
939,3621,27 Ave & 9 St,0.471252399339459,40.774,-73.9309
940,3152,3 Ave & E 71 St,0.469983681038521,40.7687,-73.9612
941,3504,E 123 St & Lexington Ave,0.469236719669063,40.8029,-73.9379
397,3316,W 104 St & Amsterdam Ave,0.469071297627508,40.799,-73.9662
398,3289,W 90 St & Amsterdam Ave,0.467668799781633,40.7902,-73.9729
399,3340,Wolcott St & Dwight St,0.467005185424128,40.6753,-74.0101
400,3371,4 Ave & 2 St,0.466990494254445,40.6746,-73.985
401,3401,2 Ave & 9 St,0.465710751586415,40.6725,-73.9933
942,3070,McKibbin St & Manhattan Ave,0.460987546205663,40.7051,-73.9441
943,3079,Leonard St & Grand St,0.458525126824003,40.711,-73.9471
944,3607,31 Ave & 14 St,0.453960034479154,40.7682,-73.9323
945,3043,Lewis Ave & Decatur St,0.446790783170538,40.6815,-73.9349
946,3065,Union Ave & Wallabout St,0.446089409093803,40.7003,-73.9503
947,3144,E 81 St & Park Ave,0.446045085963902,40.7768,-73.959
948,3434,W 88 St & West End Ave,0.443897741006991,40.7903,-73.9772
949,3459,E 53 St & 3 Ave,0.442351186084643,40.7576,-73.9693
950,3496,1 Ave & E 110 St,0.441376037772953,40.7923,-73.9383
402,3059,Pulaski St & Marcus Garvey Blvd,0.440576994567008,40.6934,-73.9399
403,3454,Leonard St & Maujer St,0.437279082478142,40.7104,-73.9471
404,3510,Adam Clayton Powell Blvd & W 123 St,0.435810014587282,40.8078,-73.9494
405,3438,E 76 St & 3 Ave,0.435743927514812,40.7722,-73.9584
406,400,Pitt St & Stanton St,0.434948357147461,40.7193,-73.9818
407,3265,E 2 St & 2 Ave,0.434615929917136,40.7246,-73.9894
411,3392,Commerce St & Van Brunt St,0.432953118905975,40.6812,-74.0086
412,464,E 56 St & 3 Ave,0.432110251027658,40.7593,-73.9676
951,3494,E 115 St & Lexington Ave,0.431908020856189,40.7979,-73.9423
952,3084,Devoe St & Leonard St,0.431597032312908,40.7135,-73.9479
953,3436,Greenwich St & Hubert St,0.429933508288197,40.7213,-74.0101
954,3511,Adam Clayton Powell Blvd & W 115 St,0.427000423838063,40.8025,-73.9532
955,3615,44 Dr & 21 St,0.425282015959827,40.748,-73.9461
956,3063,Nostrand Ave & Myrtle Ave,0.424968812146162,40.6953,-73.9524
957,3424,E 106 St & Lexington Ave,0.423778647469666,40.792,-73.946
958,3535,Mt Morris Park W & W 120 St,0.420878437347041,40.804,-73.9459
959,3493,E 118 St & 3 Ave,0.416084154567757,40.7991,-73.9389
413,3179,Park Ave & Marcus Garvey Blvd,0.416008672465561,40.6986,-73.9413
414,3352,Sigourney St & Columbia St,0.415110738030538,40.6727,-74.0088
415,3393,Richards St & Delavan St,0.414791489890589,40.6794,-74.0079
416,3356,Amsterdam Ave & W 66 St,0.405799764341901,40.7747,-73.9847
417,3421,Hoyt St & Warren St,0.404990558387735,40.6844,-73.989
418,3486,Schermerhorn St & Bond St,0.4027909591027,40.6884,-73.9845
419,3053,Marcy Ave & Lafayette Ave,0.40252445811742,40.6901,-73.9479
420,3394,Columbia St & W 9 St,0.399876237166513,40.677,-74.0065
421,3466,W 45 St & 6 Ave,0.398055171806951,40.7567,-73.9826
511,3326,Clinton St & Centre St,0.397744986098408,40.6743,-74.0019
512,3309,E 97 St & 3 Ave,0.394314980346898,40.7859,-73.9486
513,339,Avenue D & E 12 St,0.390576193587232,40.7258,-73.9742
514,3538,W 110 St & Amsterdam Ave,0.388975163183929,40.8027,-73.963
515,3455,Schermerhorn St & 3 Ave,0.387929443426371,40.6868,-73.9804
960,3332,Degraw St & Hoyt St,0.387502334266432,40.682,-73.9908
961,3061,Throop Ave & Myrtle Ave,0.387180367315978,40.6962,-73.9437
962,3296,E 93 St & 2 Ave,0.384574934408054,40.7825,-73.9489
963,3098,Leonard St & Bayard St,0.384120489809054,40.7193,-73.9486
422,3540,Morningside Ave & W 123 St,0.383257889621199,40.81,-73.9552
423,3375,3 Ave & E 72 St,0.38193777822571,40.7699,-73.9606
424,3333,Columbia St & Lorraine St,0.381135963056464,40.6747,-74.0076
425,3569,Franklin Ave & St Marks Ave,0.379363713219509,40.6758,-73.9562
426,218,Gallatin Pl & Livingston St,0.377759217505034,40.6903,-73.9871
964,3479,Picnic Point,0.375755115542411,40.6851,-74.0254
965,3579,Sterling Pl & Bedford Ave,0.375418069608324,40.6727,-73.9541
966,3463,E 16 St & Irving Pl,0.372435237340731,40.7354,-73.988
967,3637,Fulton St & Waverly Ave,0.370843244848036,40.6832,-73.966
968,3545,Broadway & W 122 St,0.367752153290441,40.8121,-73.9613
969,119,Park Ave & St Edwards St,0.367208337970394,40.6961,-73.978
970,3611,Vernon Blvd & 47 Rd,0.365170253554602,40.7449,-73.9535
971,3044,Albany Ave & Fulton St,0.364332648246505,40.68,-73.9385
972,3330,Henry St & Bay St,0.363088488078917,40.6725,-74.0049
973,3581,Underhill Ave & Lincoln Pl,0.360948541932696,40.674,-73.9671
974,3580,St Johns Pl & Washington Ave,0.358442611606782,40.6737,-73.9632
975,3462,E 44 St & 2 Ave,0.358070840364662,40.7512,-73.9714
976,3552,W 113 St & Broadway,0.357399864478953,40.806,-73.9649
427,3554,Vernon Blvd & 41 Rd,0.356223570238484,40.7552,-73.9486
428,3395,Henry St & W 9 St,0.353879395147796,40.6764,-74.0032
429,3154,E 77 St & 3 Ave,0.345688183459472,40.7731,-73.9586
430,3355,E 66 St & Madison Ave,0.344563760373773,40.768,-73.9685
431,3575,Crescent St & 34 Ave,0.344019787226251,40.7611,-73.9306
432,3461,Murray St & Greenwich St,0.343325110986065,40.7149,-74.0112
433,3502,Lexington Ave & E 111 St,0.343142534882491,40.7954,-73.9441
434,3452,Bayard St & Leonard St,0.342296168021657,40.7192,-73.9489
435,3337,Dwight St & Van Dyke St,0.339597995979257,40.6736,-74.012
977,3531,Frederick Douglass Blvd & W 129 St,0.336747320394886,40.8126,-73.9492
978,3114,India St & East River,0.331928436721558,40.7317,-73.9616
979,3359,E 68 St & Madison Ave,0.330490583239344,40.7692,-73.967
980,3499,2 Ave & E 122 St,0.330460018436959,40.8007,-73.9349
981,3097,N Henry St & Richardson St,0.328788469707433,40.7192,-73.9424
436,3075,Division Ave & Marcy Ave,0.322583607365872,40.7071,-73.958
437,3618,27 St & Hunter St,0.32069311800847,40.7485,-73.9413
438,3327,3 Ave & E 100 St,0.320081549207283,40.7877,-73.9473
439,3153,E 71 St & 2 Ave,0.319261052403741,40.7682,-73.9591
440,3500,E 115 St & Madison Ave,0.317561257064743,40.7989,-73.9448
982,3512,27 Ave & 4 St,0.31744452453014,40.7747,-73.9338
983,3541,Amsterdam Ave & W 125 St,0.313355248460083,40.8134,-73.9565
984,3264,E 61 St & Park Ave,0.313094884432639,40.7642,-73.9691
985,3490,E 116 St & 2 Ave,0.312499896245265,40.7969,-73.9373
441,3472,W 15 St & 10 Ave,0.311836640557637,40.7428,-74.0075
442,3237,21 St & 41 Ave,0.310471178204952,40.7538,-73.9427
443,3625,28 St & 40 Ave,0.310335093671257,40.7526,-73.9364
444,3558,Bergen St & Vanderbilt Ave,0.30905996942184,40.6794,-73.968
445,3622,E 128 St & Madison Ave,0.306728178713664,40.8076,-73.9392
986,2005,Railroad Ave & Kay Ave,0.30535867459252,40.7053,-73.971
987,3520,Adam Clayton Powell Blvd & W 118 St,0.305343018224984,40.8044,-73.9515
988,3544,Underhill Ave & Pacific St,0.304946198947066,40.6805,-73.9647
989,3567,11 St & 35 Ave,0.304873235104985,40.7627,-73.9391
990,3641,Broadway & W 25 St,0.303727547513377,40.7429,-73.9892
991,3302,Columbus Ave & W 103 St,0.301720585920941,40.7969,-73.9643
992,3586,34 Ave & 13 St,0.301382010421596,40.7639,-73.9365
993,3477,39 St & 2 Ave - Citi Bike HQ at Industry City,0.299752954213873,40.6554,-74.0106
994,3604,Rogers Ave & Sterling St,0.299661062754447,40.6631,-73.9539
446,3613,Center Blvd & 48 Ave,0.29959589519942,40.745,-73.9575
447,3476,Norman Ave & Leonard St,0.298763708725073,40.7258,-73.9507
448,3527,5 Ave & E 126 St,0.298604451545491,40.807,-73.9417
449,3449,Eckford St & Engert Ave,0.298142967215492,40.7215,-73.948
516,3099,Leonard St & Manhattan Ave,0.297822728128358,40.7215,-73.949
517,3467,W Broadway & Spring Street,0.297407226148764,40.7249,-74.0017
518,3501,E 118 St & Madison Ave,0.297396188122909,40.8015,-73.9443
519,3606,49 Ave & 21 St,0.296370288808548,40.7425,-73.9489
520,3437,Riverside Dr & W 91 St,0.296218167267157,40.7931,-73.977
995,3549,Grand Ave & Bergen St,0.291765882717152,40.678,-73.9624
996,3469,India St & West St,0.288858338887715,40.7318,-73.96
997,3369,E 82 St & East End Ave,0.28628375972903,40.7725,-73.9468
998,431,Hanover Pl & Livingston St,0.284016912923282,40.6886,-73.9826
450,3548,Pacific St & Bedford Ave,0.283941618336021,40.6778,-73.9529
451,3503,Madison Ave & E 120 St,0.278811581993351,40.803,-73.943
452,3583,Eastern Pkwy & Washington Ave,0.276717323592533,40.6716,-73.9631
453,3578,Park Pl & Franklin Ave,0.276243661330483,40.6742,-73.9565
454,3551,3 Ave & E 112 St,0.276041959772247,40.7955,-73.9416
455,3474,6 Ave & Spring St,0.274743078701894,40.7253,-74.0041
456,3564,21 St & 36 Ave,0.273885121668989,40.7602,-73.9363
457,3644,Van Dyke St & Van Brunt St,0.273802993664144,40.6758,-74.0149
999,3498,Pleasant Ave & E 120 St,0.271917171050334,40.7975,-73.9312
1000,3492,E 118 St & Park Ave,0.271474107907521,40.8005,-73.942
1001,3539,W 116 St & Amsterdam Ave,0.266024696014477,40.8068,-73.9607
1002,3574,Prospect Pl & Underhill Ave,0.265060035107556,40.677,-73.9658
1003,3582,Lincoln Pl & Classon Ave,0.262929695804625,40.6722,-73.9609
459,3557,40 Ave & 9 St,0.262245897333636,40.7574,-73.9451
460,3495,E 114 St & 1 Ave,0.26223616288763,40.7946,-73.9363
461,3632,E 12 St & Avenue B,0.260563362220295,40.728,-73.9788
462,3491,E 118 St & 1 Ave,0.258393849596488,40.7975,-73.935
1004,3585,Union St & Bedford Ave,0.254957072339368,40.6692,-73.9554
1005,3635,W 36 St & 9 Ave,0.253726633301982,40.7546,-73.9952
1006,3571,Bedford Ave & Bergen St,0.252147345809916,40.6764,-73.9529
1007,3623,W 120 St & Claremont Ave,0.244885436134025,40.8109,-73.9634
1008,3646,35 Ave & 10 St,0.243124603451404,40.7632,-73.9399
463,3643,E 41 St & 5 Ave,0.242624711574212,40.7527,-73.9812
464,3537,Carlton Ave & Dean St,0.239864373360145,40.681,-73.971
465,3601,Sterling St & Bedford Ave,0.239698580602102,40.6627,-73.9569
466,3457,E 58 St & Madison Ave,0.237679029612541,40.763,-73.9721
467,3445,Riverside Dr & W 89 St,0.235327827342837,40.7918,-73.9786
1009,3546,Pacific St & Classon Ave,0.235006825595123,40.6792,-73.9588
1010,3456,Jackson St & Leonard St,0.233696039180326,40.7164,-73.9482
1012,3138,E 77 St & Park Ave,0.232537599597557,40.7744,-73.9618
468,3089,Leonard St & Meeker Ave,0.229096918803426,40.7173,-73.9482
469,3594,Montgomery St & Franklin Ave OLD,0.226928805612492,40.6662,-73.9593
470,3647,48 Ave & 30 Pl,0.226271268591768,40.7413,-73.9373
471,3464,W 37 St & Broadway,0.226044662956631,40.7523,-73.9877
472,3506,Lexington Ave & E 120 St,0.225194342612901,40.8013,-73.9398
1013,3257,Adventures NYC,0.222661356156775,40.7738,-73.9712
1014,3654,31 St & Northern Blvd,0.220896493805467,40.7519,-73.9335
1015,3133,E 67 St & Park Ave,0.214207335224348,40.7674,-73.9649
473,3587,Carroll St & Washington Ave,0.213738755655848,40.6687,-73.9618
474,3590,Carroll St & Franklin Ave,0.2131418832342,40.6679,-73.9588
475,3653,31 St & 35 Ave,0.204113605419506,40.7582,-73.9283
476,3489,Gold St & Frankfort St,0.202984935358179,40.7107,-74.0035
477,3559,21 St & 38 Ave,0.200968201951086,40.7576,-73.9391
1019,3234,E 40 St & Madison Ave,0.200184398836119,40.7516,-73.9804
1020,3287,W 87 St & West End Ave,0.19819400050567,40.7903,-73.9771
1021,3620,11 St & 43 Ave,0.195681145264933,40.7519,-73.9479
1022,3596,Sullivan Pl & Bedford Ave,0.19374429827536,40.6642,-73.9575
1023,3291,Riverside Dr & W 91 St,0.192917416226582,40.7934,-73.9769
1024,3649,W 129 St & Convent Ave,0.190799603512693,40.8144,-73.9532
1025,3149,E 82 St & 2 Ave,0.189166785177789,40.7752,-73.9532
1026,3505,Lexington Ave & E 127 St,0.188618956632016,40.8057,-73.9363
1027,3229,Marcy Ave & MacDonough St,0.186841961525627,40.6806,-73.9462
479,3648,Flushing Ave & Vanderbilt Ave,0.186087894251184,40.698,-73.9708
481,3642,E 98 St & Lexington Ave,0.184044785211887,40.7873,-73.9501
1028,3441,10 Hudson Yards,0.180779209566483,40.753,-74.0026
1031,3550,Convent Ave & W 129 St,0.167694066234904,40.8141,-73.953
483,3450,Penn Station Valet - Valet Scan,0.154202298534844,40.7513,-73.9969
487,3631,Crown St & Bedford Ave,0.151182686641779,40.6666,-73.9567
488,3543,Morningside Dr & Amsterdam Ave,0.150437570036801,40.8103,-73.9574
489,3385,2 Ave & E 105 St,0.150191657408368,40.7898,-73.943
